id,name,team,position,bye_week,fantasy_points,injury_status,drafted,locked,average_draft_position,player_rating,week_1_points,week_2_points,week_3_points,week_4_points,week_5_points,week_6_points,week_7_points,week_8_points,week_9_points,week_10_points,week_11_points,week_12_points,week_13_points,week_14_points,week_15_points,week_16_points,week_17_points
3929630,Saquon Barkley,PHI,RB,9,18.03,ACTIVE,1,0,,,0.0,18.03,0.0,0.0,0.0,0.0,0.0,0.0,0.0,0.0,0.0,0.0,0.0,0.0,0.0,0.0,0.0
4429795,Jahmyr Gibbs,DET,RB,8,16.63,ACTIVE,1,0,,,0.0,16.63,0.0,0.0,0.0,0.0,0.0,0.0,0.0,0.0,0.0,0.0,0.0,0.0,0.0,0.0,0.0
4262921,Justin Jefferson,MIN,WR,6,16.3,ACTIVE,1,0,,,0.0,16.3,0.0,0.0,0.0,0.0,0.0,0.0,0.0,0.0,0.0,0.0,0.0,0.0,0.0,0.0,0.0
4374302,Amon-Ra St. Brown,DET,WR,8,13.75,ACTIVE,1,0,,,0.0,13.75,0.0,0.0,0.0,0.0,0.0,0.0,0.0,0.0,0.0,0.0,0.0,0.0,0.0,0.0,0.0
4241389,CeeDee Lamb,DAL,WR,10,15.63,ACTIVE,1,0,,,0.0,15.63,0.0,0.0,0.0,0.0,0.0,0.0,0.0,0.0,0.0,0.0,0.0,0.0,0.0,0.0,0.0
3918298,Josh Allen,BUF,QB,7,20.92,ACTIVE,1,0,,,0.0,20.92,0.0,0.0,0.0,0.0,0.0,0.0,0.0,0.0,0.0,0.0,0.0,0.0,0.0,0.0,0.0
3117251,Christian McCaffrey,SF,RB,14,17.02,QUESTIONABLE,1,0,,,0.0,17.02,0.0,0.0,0.0,0.0,0.0,0.0,0.0,0.0,0.0,0.0,0.0,0.0,0.0,0.0,0.0
3043078,Derrick Henry,BAL,RB,7,17.84,ACTIVE,1,0,,,0.0,17.84,0.0,0.0,0.0,0.0,0.0,0.0,0.0,0.0,0.0,0.0,0.0,0.0,0.0,0.0,0.0
4426515,Puka Nacua,LAR,WR,8,15.8,ACTIVE,1,0,,,0.0,15.8,0.0,0.0,0.0,0.0,0.0,0.0,0.0,0.0,0.0,0.0,0.0,0.0,0.0,0.0,0.0
4432665,Brock Bowers,LV,TE,8,12.85,ACTIVE,1,0,,,0.0,12.85,0.0,0.0,0.0,0.0,0.0,0.0,0.0,0.0,0.0,0.0,0.0,0.0,0.0,0.0,0.0
3916387,Lamar Jackson,BAL,QB,7,22.19,ACTIVE,1,0,,,0.0,22.19,0.0,0.0,0.0,0.0,0.0,0.0,0.0,0.0,0.0,0.0,0.0,0.0,0.0,0.0,0.0
4595348,Malik Nabers,NYG,WR,14,13.6,ACTIVE,1,0,,,0.0,13.6,0.0,0.0,0.0,0.0,0.0,0.0,0.0,0.0,0.0,0.0,0.0,0.0,0.0,0.0,0.0
4040715,Jalen Hurts,PHI,QB,9,20.24,ACTIVE,1,0,,,0.0,20.24,0.0,0.0,0.0,0.0,0.0,0.0,0.0,0.0,0.0,0.0,0.0,0.0,0.0,0.0,0.0
4258173,Nico Collins,HOU,WR,6,14.33,ACTIVE,2,0,,,0.0,14.33,0.0,0.0,0.0,0.0,0.0,0.0,0.0,0.0,0.0,0.0,0.0,0.0,0.0,0.0,0.0
3040151,George Kittle,SF,TE,14,12.47,ACTIVE,0,1,,,0.0,12.47,0.0,0.0,0.0,0.0,0.0,0.0,0.0,0.0,0.0,0.0,0.0,0.0,0.0,0.0,0.0
4047646,A.J. Brown,PHI,WR,9,13.51,ACTIVE,1,0,,,0.0,13.51,0.0,0.0,0.0,0.0,0.0,0.0,0.0,0.0,0.0,0.0,0.0,0.0,0.0,0.0,0.0
4361307,Trey McBride,ARI,TE,8,12.21,ACTIVE,1,0,,,0.0,12.21,0.0,0.0,0.0,0.0,0.0,0.0,0.0,0.0,0.0,0.0,0.0,0.0,0.0,0.0,0.0
4890973,Ashton Jeanty,LV,RB,8,16.64,ACTIVE,2,0,,,0.0,16.64,0.0,0.0,0.0,0.0,0.0,0.0,0.0,0.0,0.0,0.0,0.0,0.0,0.0,0.0,0.0
4047365,Josh Jacobs,GB,RB,5,17.63,ACTIVE,1,0,,,0.0,17.63,0.0,0.0,0.0,0.0,0.0,0.0,0.0,0.0,0.0,0.0,0.0,0.0,0.0,0.0,0.0
4242335,Jonathan Taylor,IND,RB,11,16.28,ACTIVE,1,0,,,0.0,16.28,0.0,0.0,0.0,0.0,0.0,0.0,0.0,0.0,0.0,0.0,0.0,0.0,0.0,0.0,0.0
3915511,Joe Burrow,CIN,QB,10,20.07,ACTIVE,1,0,,,0.0,20.07,0.0,0.0,0.0,0.0,0.0,0.0,0.0,0.0,0.0,0.0,0.0,0.0,0.0,0.0,0.0
4429160,De'Von Achane,MIA,RB,12,18.33,ACTIVE,1,0,,,0.0,18.33,0.0,0.0,0.0,0.0,0.0,0.0,0.0,0.0,0.0,0.0,0.0,0.0,0.0,0.0,0.0
4432773,Brian Thomas Jr.,JAX,WR,8,16.05,ACTIVE,1,0,,,0.0,16.05,0.0,0.0,0.0,0.0,0.0,0.0,0.0,0.0,0.0,0.0,0.0,0.0,0.0,0.0,0.0
4596448,Bucky Irving,TB,RB,9,19.3,ACTIVE,1,0,,,0.0,19.3,0.0,0.0,0.0,0.0,0.0,0.0,0.0,0.0,0.0,0.0,0.0,0.0,0.0,0.0,0.0
4239993,Tee Higgins,CIN,WR,10,13.46,ACTIVE,1,0,,,0.0,13.46,0.0,0.0,0.0,0.0,0.0,0.0,0.0,0.0,0.0,0.0,0.0,0.0,0.0,0.0,0.0
4426502,Drake London,ATL,WR,5,13.62,ACTIVE,1,0,,,0.0,13.62,0.0,0.0,0.0,0.0,0.0,0.0,0.0,0.0,0.0,0.0,0.0,0.0,0.0,0.0,0.0
4362238,Chase Brown,CIN,RB,10,18.57,ACTIVE,1,0,,,0.0,18.57,0.0,0.0,0.0,0.0,0.0,0.0,0.0,0.0,0.0,0.0,0.0,0.0,0.0,0.0,0.0
4379399,James Cook,BUF,RB,7,14.14,ACTIVE,1,0,,,0.0,14.14,0.0,0.0,0.0,0.0,0.0,0.0,0.0,0.0,0.0,0.0,0.0,0.0,0.0,0.0,0.0
4430737,Kyren Williams,LAR,RB,8,15.55,ACTIVE,1,0,,,0.0,15.55,0.0,0.0,0.0,0.0,0.0,0.0,0.0,0.0,0.0,0.0,0.0,0.0,0.0,0.0,0.0
4430027,Sam LaPorta,DET,TE,8,9.3,ACTIVE,1,0,,,0.0,9.3,0.0,0.0,0.0,0.0,0.0,0.0,0.0,0.0,0.0,0.0,0.0,0.0,0.0,0.0,0.0
4612826,Ladd McConkey,LAC,WR,12,11.41,ACTIVE,1,0,,,0.0,11.41,0.0,0.0,0.0,0.0,0.0,0.0,0.0,0.0,0.0,0.0,0.0,0.0,0.0,0.0,0.0
-16023,Steelers D/ST,PIT,DST,5,0.0,ACTIVE,1,0,,,0.0,0.0,0.0,0.0,0.0,0.0,0.0,0.0,0.0,0.0,0.0,0.0,0.0,0.0,0.0,0.0,0.0
3116406,Tyreek Hill,MIA,WR,12,12.51,ACTIVE,1,0,,,0.0,12.51,0.0,0.0,0.0,0.0,0.0,0.0,0.0,0.0,0.0,0.0,0.0,0.0,0.0,0.0,0.0
-16007,Broncos D/ST,DEN,DST,12,0.0,ACTIVE,1,0,,,0.0,0.0,0.0,0.0,0.0,0.0,0.0,0.0,0.0,0.0,0.0,0.0,0.0,0.0,0.0,0.0,0.0
16800,Davante Adams,LAR,WR,8,11.97,ACTIVE,1,0,,,0.0,11.97,0.0,0.0,0.0,0.0,0.0,0.0,0.0,0.0,0.0,0.0,0.0,0.0,0.0,0.0,0.0
4689936,Jake Bates,DET,K,8,9.24,ACTIVE,1,0,,,0.0,9.24,0.0,0.0,0.0,0.0,0.0,0.0,0.0,0.0,0.0,0.0,0.0,0.0,0.0,0.0,0.0
3121422,Terry McLaurin,WSH,WR,12,12.39,ACTIVE,1,0,,,0.0,12.39,0.0,0.0,0.0,0.0,0.0,0.0,0.0,0.0,0.0,0.0,0.0,0.0,0.0,0.0,0.0
4430878,Jaxon Smith-Njigba,SEA,WR,8,14.78,ACTIVE,2,0,,,0.0,14.78,0.0,0.0,0.0,0.0,0.0,0.0,0.0,0.0,0.0,0.0,0.0,0.0,0.0,0.0,0.0
3054850,Alvin Kamara,NO,RB,11,13.92,ACTIVE,1,0,,,0.0,13.92,0.0,0.0,0.0,0.0,0.0,0.0,0.0,0.0,0.0,0.0,0.0,0.0,0.0,0.0,0.0
16737,Mike Evans,TB,WR,9,13.25,ACTIVE,1,0,,,0.0,13.25,0.0,0.0,0.0,0.0,0.0,0.0,0.0,0.0,0.0,0.0,0.0,0.0,0.0,0.0,0.0
4047650,DK Metcalf,PIT,WR,5,12.26,ACTIVE,1,0,,,0.0,12.26,0.0,0.0,0.0,0.0,0.0,0.0,0.0,0.0,0.0,0.0,0.0,0.0,0.0,0.0,0.0
3139477,Patrick Mahomes,KC,QB,10,17.94,ACTIVE,2,1,,,0.0,17.94,0.0,0.0,0.0,0.0,0.0,0.0,0.0,0.0,0.0,0.0,0.0,0.0,0.0,0.0,0.0
4683062,Xavier Worthy,KC,WR,10,11.12,QUESTIONABLE,1,0,,,0.0,11.12,0.0,0.0,0.0,0.0,0.0,0.0,0.0,0.0,0.0,0.0,0.0,0.0,0.0,0.0,0.0
4241416,Chuba Hubbard,CAR,RB,14,15.49,ACTIVE,1,0,,,0.0,15.49,0.0,0.0,0.0,0.0,0.0,0.0,0.0,0.0,0.0,0.0,0.0,0.0,0.0,0.0,0.0
4685382,Omarion Hampton,LAC,RB,12,14.28,ACTIVE,2,0,,,0.0,14.28,0.0,0.0,0.0,0.0,0.0,0.0,0.0,0.0,0.0,0.0,0.0,0.0,0.0,0.0,0.0
3150744,Chase McLaughlin,TB,K,9,8.27,ACTIVE,1,0,,,0.0,8.27,0.0,0.0,0.0,0.0,0.0,0.0,0.0,0.0,0.0,0.0,0.0,0.0,0.0,0.0,0.0
4569618,Garrett Wilson,NYJ,WR,9,11.7,ACTIVE,1,0,,,0.0,11.7,0.0,0.0,0.0,0.0,0.0,0.0,0.0,0.0,0.0,0.0,0.0,0.0,0.0,0.0,0.0
3953687,Brandon Aubrey,DAL,K,10,10.13,ACTIVE,1,0,,,0.0,10.13,0.0,0.0,0.0,0.0,0.0,0.0,0.0,0.0,0.0,0.0,0.0,0.0,0.0,0.0,0.0
4432708,Marvin Harrison Jr.,ARI,WR,8,10.23,ACTIVE,1,0,,,0.0,10.23,0.0,0.0,0.0,0.0,0.0,0.0,0.0,0.0,0.0,0.0,0.0,0.0,0.0,0.0,0.0
15847,Travis Kelce,KC,TE,10,8.82,ACTIVE,2,0,,,0.0,8.82,0.0,0.0,0.0,0.0,0.0,0.0,0.0,0.0,0.0,0.0,0.0,0.0,0.0,0.0,0.0
4567048,Kenneth Walker III,SEA,RB,8,10.29,ACTIVE,1,0,,,0.0,10.29,0.0,0.0,0.0,0.0,0.0,0.0,0.0,0.0,0.0,0.0,0.0,0.0,0.0,0.0,0.0
4036133,T.J. Hockenson,MIN,TE,6,9.02,ACTIVE,1,0,,,0.0,9.02,0.0,0.0,0.0,0.0,0.0,0.0,0.0,0.0,0.0,0.0,0.0,0.0,0.0,0.0,0.0
4362081,Cameron Dicker,LAC,K,12,9.24,ACTIVE,1,0,,,0.0,9.24,0.0,0.0,0.0,0.0,0.0,0.0,0.0,0.0,0.0,0.0,0.0,0.0,0.0,0.0,0.0
3045147,James Conner,ARI,RB,8,14.09,ACTIVE,1,0,,,0.0,14.09,0.0,0.0,0.0,0.0,0.0,0.0,0.0,0.0,0.0,0.0,0.0,0.0,0.0,0.0,0.0
3052587,Baker Mayfield,TB,QB,9,17.31,ACTIVE,1,0,,,0.0,17.31,0.0,0.0,0.0,0.0,0.0,0.0,0.0,0.0,0.0,0.0,0.0,0.0,0.0,0.0,0.0
4429615,Zay Flowers,BAL,WR,7,8.79,ACTIVE,1,0,,,0.0,8.79,0.0,0.0,0.0,0.0,0.0,0.0,0.0,0.0,0.0,0.0,0.0,0.0,0.0,0.0,0.0
4432710,TreVeyon Henderson,NE,RB,14,10.44,ACTIVE,2,0,,,0.0,10.44,0.0,0.0,0.0,0.0,0.0,0.0,0.0,0.0,0.0,0.0,0.0,0.0,0.0,0.0,0.0
4427366,Breece Hall,NYJ,RB,9,13.19,ACTIVE,1,0,,,0.0,13.19,0.0,0.0,0.0,0.0,0.0,0.0,0.0,0.0,0.0,0.0,0.0,0.0,0.0,0.0,0.0
3915416,DJ Moore,CHI,WR,5,11.57,ACTIVE,1,0,,,0.0,11.57,0.0,0.0,0.0,0.0,0.0,0.0,0.0,0.0,0.0,0.0,0.0,0.0,0.0,0.0,0.0
4259545,D'Andre Swift,CHI,RB,5,11.55,ACTIVE,1,0,,,0.0,11.55,0.0,0.0,0.0,0.0,0.0,0.0,0.0,0.0,0.0,0.0,0.0,0.0,0.0,0.0,0.0
3128429,Courtland Sutton,DEN,WR,12,11.74,ACTIVE,1,0,,,0.0,11.74,0.0,0.0,0.0,0.0,0.0,0.0,0.0,0.0,0.0,0.0,0.0,0.0,0.0,0.0,0.0
3123076,David Njoku,CLE,TE,9,9.76,ACTIVE,1,0,,,0.0,9.76,0.0,0.0,0.0,0.0,0.0,0.0,0.0,0.0,0.0,0.0,0.0,0.0,0.0,0.0,0.0
4035538,David Montgomery,DET,RB,8,13.02,ACTIVE,1,0,,,0.0,13.02,0.0,0.0,0.0,0.0,0.0,0.0,0.0,0.0,0.0,0.0,0.0,0.0,0.0,0.0,0.0
3116365,Mark Andrews,BAL,TE,7,7.64,ACTIVE,1,0,,,0.0,7.64,0.0,0.0,0.0,0.0,0.0,0.0,0.0,0.0,0.0,0.0,0.0,0.0,0.0,0.0,0.0
4426338,Bo Nix,DEN,QB,12,16.48,ACTIVE,1,0,,,0.0,16.48,0.0,0.0,0.0,0.0,0.0,0.0,0.0,0.0,0.0,0.0,0.0,0.0,0.0,0.0,0.0
-16034,Texans D/ST,HOU,DST,6,0.0,ACTIVE,1,0,,,0.0,0.0,0.0,0.0,0.0,0.0,0.0,0.0,0.0,0.0,0.0,0.0,0.0,0.0,0.0,0.0,0.0
4241478,DeVonta Smith,PHI,WR,9,10.58,ACTIVE,1,0,,,0.0,10.58,0.0,0.0,0.0,0.0,0.0,0.0,0.0,0.0,0.0,0.0,0.0,0.0,0.0,0.0,0.0
-16016,Vikings D/ST,MIN,DST,6,0.0,ACTIVE,1,0,,,0.0,0.0,0.0,0.0,0.0,0.0,0.0,0.0,0.0,0.0,0.0,0.0,0.0,0.0,0.0,0.0,0.0
4685415,Travis Hunter,JAX,WR,8,10.52,ACTIVE,1,0,,,0.0,10.52,0.0,0.0,0.0,0.0,0.0,0.0,0.0,0.0,0.0,0.0,0.0,0.0,0.0,0.0,0.0
4685472,Tetairoa McMillan,CAR,WR,14,11.47,ACTIVE,1,0,,,0.0,11.47,0.0,0.0,0.0,0.0,0.0,0.0,0.0,0.0,0.0,0.0,0.0,0.0,0.0,0.0,0.0
4241463,Jerry Jeudy,CLE,WR,9,12.34,ACTIVE,1,0,,,0.0,12.34,0.0,0.0,0.0,0.0,0.0,0.0,0.0,0.0,0.0,0.0,0.0,0.0,0.0,0.0,0.0
4426354,George Pickens,DAL,WR,10,11.98,ACTIVE,1,0,,,0.0,11.98,0.0,0.0,0.0,0.0,0.0,0.0,0.0,0.0,0.0,0.0,0.0,0.0,0.0,0.0,0.0
4361529,Isiah Pacheco,KC,RB,10,8.71,ACTIVE,1,0,,,0.0,8.71,0.0,0.0,0.0,0.0,0.0,0.0,0.0,0.0,0.0,0.0,0.0,0.0,0.0,0.0,0.0
4372016,Jaylen Waddle,MIA,WR,12,9.88,ACTIVE,1,0,,,0.0,9.88,0.0,0.0,0.0,0.0,0.0,0.0,0.0,0.0,0.0,0.0,0.0,0.0,0.0,0.0,0.0
3925357,Calvin Ridley,TEN,WR,10,11.81,ACTIVE,1,0,,,0.0,11.81,0.0,0.0,0.0,0.0,0.0,0.0,0.0,0.0,0.0,0.0,0.0,0.0,0.0,0.0,0.0
4426388,Jameson Williams,DET,WR,8,10.34,ACTIVE,1,0,,,0.0,10.34,0.0,0.0,0.0,0.0,0.0,0.0,0.0,0.0,0.0,0.0,0.0,0.0,0.0,0.0,0.0
3042519,Aaron Jones Sr.,MIN,RB,6,0.0,ACTIVE,1,0,,,0.0,0.0,0.0,0.0,0.0,0.0,0.0,0.0,0.0,0.0,0.0,0.0,0.0,0.0,0.0,0.0,0.0
3916148,Tony Pollard,TEN,RB,10,12.76,ACTIVE,1,0,,,0.0,12.76,0.0,0.0,0.0,0.0,0.0,0.0,0.0,0.0,0.0,0.0,0.0,0.0,0.0,0.0,0.0
3917315,Kyler Murray,ARI,QB,8,17.5,ACTIVE,1,0,,,0.0,17.5,0.0,0.0,0.0,0.0,0.0,0.0,0.0,0.0,0.0,0.0,0.0,0.0,0.0,0.0,0.0
3051876,Evan Engram,DEN,TE,12,7.95,ACTIVE,1,0,,,0.0,7.95,0.0,0.0,0.0,0.0,0.0,0.0,0.0,0.0,0.0,0.0,0.0,0.0,0.0,0.0,0.0
4568490,RJ Harvey,DEN,RB,12,6.45,ACTIVE,1,0,,,0.0,6.45,0.0,0.0,0.0,0.0,0.0,0.0,0.0,0.0,0.0,0.0,0.0,0.0,0.0,0.0,0.0
-16033,Ravens D/ST,BAL,DST,7,0.0,ACTIVE,1,0,,,0.0,0.0,0.0,0.0,0.0,0.0,0.0,0.0,0.0,0.0,0.0,0.0,0.0,0.0,0.0,0.0,0.0
4431299,Rome Odunze,CHI,WR,5,9.21,ACTIVE,1,0,,,0.0,9.21,0.0,0.0,0.0,0.0,0.0,0.0,0.0,0.0,0.0,0.0,0.0,0.0,0.0,0.0,0.0
4361741,Brock Purdy,SF,QB,14,17.63,ACTIVE,1,0,,,0.0,17.63,0.0,0.0,0.0,0.0,0.0,0.0,0.0,0.0,0.0,0.0,0.0,0.0,0.0,0.0,0.0
4701936,Matthew Golden,GB,WR,5,6.95,ACTIVE,0,0,,,0.0,6.95,0.0,0.0,0.0,0.0,0.0,0.0,0.0,0.0,0.0,0.0,0.0,0.0,0.0,0.0,0.0
3050478,Jake Elliott,PHI,K,9,8.13,ACTIVE,1,0,,,0.0,8.13,0.0,0.0,0.0,0.0,0.0,0.0,0.0,0.0,0.0,0.0,0.0,0.0,0.0,0.0,0.0
4567750,Emeka Egbuka,TB,WR,9,10.03,ACTIVE,1,0,,,0.0,10.03,0.0,0.0,0.0,0.0,0.0,0.0,0.0,0.0,0.0,0.0,0.0,0.0,0.0,0.0,0.0
2977187,Cooper Kupp,SEA,WR,8,8.67,ACTIVE,1,0,,,0.0,8.67,0.0,0.0,0.0,0.0,0.0,0.0,0.0,0.0,0.0,0.0,0.0,0.0,0.0,0.0,0.0
4428331,Rashee Rice,KC,WR,10,0.0,SUSPENSION,1,0,,,0.0,0.0,0.0,0.0,0.0,0.0,0.0,0.0,0.0,0.0,0.0,0.0,0.0,0.0,0.0,0.0,0.0
4360516,Tyrone Tracy Jr.,NYG,RB,14,13.07,ACTIVE,1,0,,,0.0,13.07,0.0,0.0,0.0,0.0,0.0,0.0,0.0,0.0,0.0,0.0,0.0,0.0,0.0,0.0,0.0
3916433,Jakobi Meyers,LV,WR,8,11.15,ACTIVE,1,0,,,0.0,11.15,0.0,0.0,0.0,0.0,0.0,0.0,0.0,0.0,0.0,0.0,0.0,0.0,0.0,0.0,0.0
2976212,Stefon Diggs,NE,WR,14,9.33,ACTIVE,1,0,,,0.0,9.33,0.0,0.0,0.0,0.0,0.0,0.0,0.0,0.0,0.0,0.0,0.0,0.0,0.0,0.0,0.0
4431459,Tyler Warren,IND,TE,11,7.1,ACTIVE,0,0,,,0.0,7.1,0.0,0.0,0.0,0.0,0.0,0.0,0.0,0.0,0.0,0.0,0.0,0.0,0.0,0.0,0.0
4569987,Jaylen Warren,PIT,RB,5,11.0,ACTIVE,1,0,,,0.0,11.0,0.0,0.0,0.0,0.0,0.0,0.0,0.0,0.0,0.0,0.0,0.0,0.0,0.0,0.0,0.0
4361370,Chris Olave,NO,WR,11,10.49,ACTIVE,1,0,,,0.0,10.49,0.0,0.0,0.0,0.0,0.0,0.0,0.0,0.0,0.0,0.0,0.0,0.0,0.0,0.0,0.0
3126486,Deebo Samuel,WSH,WR,12,0.0,ACTIVE,1,0,,,0.0,0.0,0.0,0.0,0.0,0.0,0.0,0.0,0.0,0.0,0.0,0.0,0.0,0.0,0.0,0.0,0.0
4038941,Justin Herbert,LAC,QB,12,15.86,ACTIVE,0,0,,,0.0,15.86,0.0,0.0,0.0,0.0,0.0,0.0,0.0,0.0,0.0,0.0,0.0,0.0,0.0,0.0,0.0
4428209,Ricky Pearsall,SF,WR,14,11.49,ACTIVE,1,0,,,0.0,11.49,0.0,0.0,0.0,0.0,0.0,0.0,0.0,0.0,0.0,0.0,0.0,0.0,0.0,0.0,0.0
4035687,Michael Pittman Jr.,IND,WR,11,0.0,ACTIVE,2,0,,,0.0,0.0,0.0,0.0,0.0,0.0,0.0,0.0,0.0,0.0,0.0,0.0,0.0,0.0,0.0,0.0,0.0
4241985,J.K. Dobbins,DEN,RB,12,12.12,ACTIVE,1,0,,,0.0,12.12,0.0,0.0,0.0,0.0,0.0,0.0,0.0,0.0,0.0,0.0,0.0,0.0,0.0,0.0,0.0
3068267,Austin Ekeler,WSH,RB,12,10.11,ACTIVE,0,0,,,0.0,10.11,0.0,0.0,0.0,0.0,0.0,0.0,0.0,0.0,0.0,0.0,0.0,0.0,0.0,0.0,0.0
-16021,Eagles D/ST,PHI,DST,9,0.0,ACTIVE,1,0,,,0.0,0.0,0.0,0.0,0.0,0.0,0.0,0.0,0.0,0.0,0.0,0.0,0.0,0.0,0.0,0.0,0.0
4572680,Tucker Kraft,GB,TE,5,7.42,ACTIVE,1,0,,,0.0,7.42,0.0,0.0,0.0,0.0,0.0,0.0,0.0,0.0,0.0,0.0,0.0,0.0,0.0,0.0,0.0
4819231,Kaleb Johnson,PIT,RB,5,1.92,ACTIVE,0,0,,,0.0,1.92,0.0,0.0,0.0,0.0,0.0,0.0,0.0,0.0,0.0,0.0,0.0,0.0,0.0,0.0,0.0
17372,Chris Boswell,PIT,K,5,8.58,ACTIVE,1,0,,,0.0,8.58,0.0,0.0,0.0,0.0,0.0,0.0,0.0,0.0,0.0,0.0,0.0,0.0,0.0,0.0,0.0
2577417,Dak Prescott,DAL,QB,10,16.55,ACTIVE,1,0,,,0.0,16.55,0.0,0.0,0.0,0.0,0.0,0.0,0.0,0.0,0.0,0.0,0.0,0.0,0.0,0.0,0.0
4575131,Jacory Croskey-Merritt,WSH,RB,12,9.71,ACTIVE,1,0,,,0.0,9.71,0.0,0.0,0.0,0.0,0.0,0.0,0.0,0.0,0.0,0.0,0.0,0.0,0.0,0.0,0.0
4361579,Javonte Williams,DAL,RB,10,13.11,ACTIVE,1,0,,,0.0,13.11,0.0,0.0,0.0,0.0,0.0,0.0,0.0,0.0,0.0,0.0,0.0,0.0,0.0,0.0,0.0
-16008,Lions D/ST,DET,DST,8,0.0,ACTIVE,0,0,,,0.0,0.0,0.0,0.0,0.0,0.0,0.0,0.0,0.0,0.0,0.0,0.0,0.0,0.0,0.0,0.0,0.0
4569173,Rhamondre Stevenson,NE,RB,14,7.92,ACTIVE,0,0,,,0.0,7.92,0.0,0.0,0.0,0.0,0.0,0.0,0.0,0.0,0.0,0.0,0.0,0.0,0.0,0.0,0.0
4696981,Cam Skattebo,NYG,RB,14,4.02,ACTIVE,1,0,,,0.0,4.02,0.0,0.0,0.0,0.0,0.0,0.0,0.0,0.0,0.0,0.0,0.0,0.0,0.0,0.0,0.0
4373678,Khalil Shakir,BUF,WR,7,7.96,ACTIVE,1,0,,,0.0,7.96,0.0,0.0,0.0,0.0,0.0,0.0,0.0,0.0,0.0,0.0,0.0,0.0,0.0,0.0,0.0
3055899,Harrison Butker,KC,K,10,8.67,ACTIVE,0,0,,,0.0,8.67,0.0,0.0,0.0,0.0,0.0,0.0,0.0,0.0,0.0,0.0,0.0,0.0,0.0,0.0,0.0
4635008,Keon Coleman,BUF,WR,7,8.98,ACTIVE,2,0,,,0.0,8.98,0.0,0.0,0.0,0.0,0.0,0.0,0.0,0.0,0.0,0.0,0.0,0.0,0.0,0.0,0.0
3886598,Jauan Jennings,SF,WR,14,9.12,ACTIVE,0,0,,,0.0,9.12,0.0,0.0,0.0,0.0,0.0,0.0,0.0,0.0,0.0,0.0,0.0,0.0,0.0,0.0,0.0
4723086,Colston Loveland,CHI,TE,5,6.64,ACTIVE,2,0,,,0.0,6.64,0.0,0.0,0.0,0.0,0.0,0.0,0.0,0.0,0.0,0.0,0.0,0.0,0.0,0.0,0.0
3116165,Chris Godwin Jr.,TB,WR,9,0.0,OUT,1,0,,,0.0,0.0,0.0,0.0,0.0,0.0,0.0,0.0,0.0,0.0,0.0,0.0,0.0,0.0,0.0,0.0,0.0
4429205,Jordan Addison,MIN,WR,6,0.0,SUSPENSION,1,0,,,0.0,0.0,0.0,0.0,0.0,0.0,0.0,0.0,0.0,0.0,0.0,0.0,0.0,0.0,0.0,0.0,0.0
4239996,Travis Etienne Jr.,JAX,RB,8,0.0,ACTIVE,1,0,,,0.0,0.0,0.0,0.0,0.0,0.0,0.0,0.0,0.0,0.0,0.0,0.0,0.0,0.0,0.0,0.0,0.0
-16026,Seahawks D/ST,SEA,DST,8,0.0,ACTIVE,0,0,,,0.0,0.0,0.0,0.0,0.0,0.0,0.0,0.0,0.0,0.0,0.0,0.0,0.0,0.0,0.0,0.0,0.0
4372019,Jerome Ford,CLE,RB,9,5.59,ACTIVE,0,0,,,0.0,5.59,0.0,0.0,0.0,0.0,0.0,0.0,0.0,0.0,0.0,0.0,0.0,0.0,0.0,0.0,0.0
4431611,Caleb Williams,CHI,QB,5,14.37,ACTIVE,2,0,,,0.0,14.37,0.0,0.0,0.0,0.0,0.0,0.0,0.0,0.0,0.0,0.0,0.0,0.0,0.0,0.0,0.0
15818,Keenan Allen,LAC,WR,12,7.93,ACTIVE,0,0,,,0.0,7.93,0.0,0.0,0.0,0.0,0.0,0.0,0.0,0.0,0.0,0.0,0.0,0.0,0.0,0.0,0.0
3128720,Nick Chubb,HOU,RB,6,10.13,ACTIVE,1,0,,,0.0,10.13,0.0,0.0,0.0,0.0,0.0,0.0,0.0,0.0,0.0,0.0,0.0,0.0,0.0,0.0,0.0
3121023,Dallas Goedert,PHI,TE,9,8.85,ACTIVE,1,0,,,0.0,8.85,0.0,0.0,0.0,0.0,0.0,0.0,0.0,0.0,0.0,0.0,0.0,0.0,0.0,0.0,0.0
4360569,Jordan Mason,MIN,RB,6,9.96,ACTIVE,1,0,,,0.0,9.96,0.0,0.0,0.0,0.0,0.0,0.0,0.0,0.0,0.0,0.0,0.0,0.0,0.0,0.0,0.0
4431452,Drake Maye,NE,QB,14,15.38,ACTIVE,1,0,,,0.0,15.38,0.0,0.0,0.0,0.0,0.0,0.0,0.0,0.0,0.0,0.0,0.0,0.0,0.0,0.0,0.0
4385690,Dalton Kincaid,BUF,TE,7,6.22,ACTIVE,1,0,,,0.0,6.22,0.0,0.0,0.0,0.0,0.0,0.0,0.0,0.0,0.0,0.0,0.0,0.0,0.0,0.0,0.0
4362249,Jayden Reed,GB,WR,5,9.16,QUESTIONABLE,0,0,,,0.0,9.16,0.0,0.0,0.0,0.0,0.0,0.0,0.0,0.0,0.0,0.0,0.0,0.0,0.0,0.0,0.0
4426385,Zach Charbonnet,SEA,RB,8,10.63,ACTIVE,1,0,,,0.0,10.63,0.0,0.0,0.0,0.0,0.0,0.0,0.0,0.0,0.0,0.0,0.0,0.0,0.0,0.0,0.0
-16017,Patriots D/ST,NE,DST,14,0.0,ACTIVE,0,0,,,0.0,0.0,0.0,0.0,0.0,0.0,0.0,0.0,0.0,0.0,0.0,0.0,0.0,0.0,0.0,0.0,0.0
4362887,Justin Fields,NYJ,QB,9,16.46,ACTIVE,0,0,,,0.0,16.46,0.0,0.0,0.0,0.0,0.0,0.0,0.0,0.0,0.0,0.0,0.0,0.0,0.0,0.0,0.0
3116385,Joe Mixon,HOU,RB,6,0.0,OUT,1,0,,,0.0,0.0,0.0,0.0,0.0,0.0,0.0,0.0,0.0,0.0,0.0,0.0,0.0,0.0,0.0,0.0,0.0
4032473,Rashid Shaheed,NO,WR,11,11.23,ACTIVE,1,0,,,0.0,11.23,0.0,0.0,0.0,0.0,0.0,0.0,0.0,0.0,0.0,0.0,0.0,0.0,0.0,0.0,0.0
4429013,Tank Bigsby,JAX,RB,8,4.1,ACTIVE,1,0,,,0.0,4.1,0.0,0.0,0.0,0.0,0.0,0.0,0.0,0.0,0.0,0.0,0.0,0.0,0.0,0.0,0.0
4432577,C.J. Stroud,HOU,QB,6,14.41,ACTIVE,1,0,,,0.0,14.41,0.0,0.0,0.0,0.0,0.0,0.0,0.0,0.0,0.0,0.0,0.0,0.0,0.0,0.0,0.0
3046779,Jared Goff,DET,QB,8,17.45,ACTIVE,1,0,,,0.0,17.45,0.0,0.0,0.0,0.0,0.0,0.0,0.0,0.0,0.0,0.0,0.0,0.0,0.0,0.0,0.0
4036378,Jordan Love,GB,QB,5,16.39,ACTIVE,1,0,,,0.0,16.39,0.0,0.0,0.0,0.0,0.0,0.0,0.0,0.0,0.0,0.0,0.0,0.0,0.0,0.0,0.0
4242355,Jake Ferguson,DAL,TE,10,6.74,ACTIVE,0,0,,,0.0,6.74,0.0,0.0,0.0,0.0,0.0,0.0,0.0,0.0,0.0,0.0,0.0,0.0,0.0,0.0,0.0
4688813,Josh Downs,IND,WR,11,7.35,ACTIVE,1,0,,,0.0,7.35,0.0,0.0,0.0,0.0,0.0,0.0,0.0,0.0,0.0,0.0,0.0,0.0,0.0,0.0,0.0
4433970,J.J. McCarthy,MIN,QB,6,15.1,ACTIVE,0,0,,,0.0,15.1,0.0,0.0,0.0,0.0,0.0,0.0,0.0,0.0,0.0,0.0,0.0,0.0,0.0,0.0,0.0
4040655,Darnell Mooney,ATL,WR,5,7.52,OUT,1,0,,,0.0,7.52,0.0,0.0,0.0,0.0,0.0,0.0,0.0,0.0,0.0,0.0,0.0,0.0,0.0,0.0,0.0
4360248,Kyle Pitts Sr.,ATL,TE,5,0.0,ACTIVE,0,0,,,0.0,0.0,0.0,0.0,0.0,0.0,0.0,0.0,0.0,0.0,0.0,0.0,0.0,0.0,0.0,0.0,0.0
-16022,Cardinals D/ST,ARI,DST,8,0.0,ACTIVE,1,0,,,0.0,0.0,0.0,0.0,0.0,0.0,0.0,0.0,0.0,0.0,0.0,0.0,0.0,0.0,0.0,0.0,0.0
3917232,Tyler Bass,BUF,K,7,0.0,INJURY_RESERVE,0,0,,,0.0,0.0,0.0,0.0,0.0,0.0,0.0,0.0,0.0,0.0,0.0,0.0,0.0,0.0,0.0,0.0,0.0
4877706,Jayden Higgins,HOU,WR,6,5.65,ACTIVE,0,0,,,0.0,5.65,0.0,0.0,0.0,0.0,0.0,0.0,0.0,0.0,0.0,0.0,0.0,0.0,0.0,0.0,0.0
4430034,Xavier Legette,CAR,WR,14,7.48,ACTIVE,0,0,,,0.0,7.48,0.0,0.0,0.0,0.0,0.0,0.0,0.0,0.0,0.0,0.0,0.0,0.0,0.0,0.0,0.0
4697745,Tyler Loop,BAL,K,7,8.81,ACTIVE,2,0,,,0.0,8.81,0.0,0.0,0.0,0.0,0.0,0.0,0.0,0.0,0.0,0.0,0.0,0.0,0.0,0.0,0.0
4685702,Quinshon Judkins,CLE,RB,9,2.95,OUT,1,0,,,0.0,2.95,0.0,0.0,0.0,0.0,0.0,0.0,0.0,0.0,0.0,0.0,0.0,0.0,0.0,0.0,0.0
4697815,Rachaad White,TB,RB,9,3.99,ACTIVE,0,0,,,0.0,3.99,0.0,0.0,0.0,0.0,0.0,0.0,0.0,0.0,0.0,0.0,0.0,0.0,0.0,0.0,0.0
4686361,Cam Little,JAX,K,8,8.13,ACTIVE,0,0,,,0.0,8.13,0.0,0.0,0.0,0.0,0.0,0.0,0.0,0.0,0.0,0.0,0.0,0.0,0.0,0.0,0.0
4241474,Brian Robinson Jr.,SF,RB,14,0.0,ACTIVE,2,1,,,0.0,0.0,0.0,0.0,0.0,0.0,0.0,0.0,0.0,0.0,0.0,0.0,0.0,0.0,0.0,0.0,0.0
-16002,Bills D/ST,BUF,DST,7,0.0,ACTIVE,0,0,,,0.0,0.0,0.0,0.0,0.0,0.0,0.0,0.0,0.0,0.0,0.0,0.0,0.0,0.0,0.0,0.0,0.0
4429275,Trey Benson,ARI,RB,8,5.93,ACTIVE,1,0,,,0.0,5.93,0.0,0.0,0.0,0.0,0.0,0.0,0.0,0.0,0.0,0.0,0.0,0.0,0.0,0.0,0.0
4241372,Hollywood Brown,KC,WR,10,0.0,ACTIVE,0,0,,,0.0,0.0,0.0,0.0,0.0,0.0,0.0,0.0,0.0,0.0,0.0,0.0,0.0,0.0,0.0,0.0,0.0
17427,Cairo Santos,CHI,K,5,7.8,ACTIVE,0,0,,,0.0,7.8,0.0,0.0,0.0,0.0,0.0,0.0,0.0,0.0,0.0,0.0,0.0,0.0,0.0,0.0,0.0
4241457,Najee Harris,LAC,RB,12,4.43,ACTIVE,0,0,,,0.0,4.43,0.0,0.0,0.0,0.0,0.0,0.0,0.0,0.0,0.0,0.0,0.0,0.0,0.0,0.0,0.0
16460,Adam Thielen,MIN,WR,6,7.78,ACTIVE,0,0,,,0.0,7.78,0.0,0.0,0.0,0.0,0.0,0.0,0.0,0.0,0.0,0.0,0.0,0.0,0.0,0.0,0.0
4711533,Ollie Gordon II,MIA,RB,12,4.37,ACTIVE,1,0,,,0.0,4.37,0.0,0.0,0.0,0.0,0.0,0.0,0.0,0.0,0.0,0.0,0.0,0.0,0.0,0.0,0.0
4685279,Jaydon Blue,DAL,RB,10,1.01,OUT,0,0,,,0.0,1.01,0.0,0.0,0.0,0.0,0.0,0.0,0.0,0.0,0.0,0.0,0.0,0.0,0.0,0.0,0.0
3046439,Hunter Henry,NE,TE,14,7.13,ACTIVE,1,0,,,0.0,7.13,0.0,0.0,0.0,0.0,0.0,0.0,0.0,0.0,0.0,0.0,0.0,0.0,0.0,0.0,0.0
4369863,Cedric Tillman,CLE,WR,9,7.45,ACTIVE,0,0,,,0.0,7.45,0.0,0.0,0.0,0.0,0.0,0.0,0.0,0.0,0.0,0.0,0.0,0.0,0.0,0.0,0.0
4685247,Braelon Allen,NYJ,RB,9,3.94,ACTIVE,0,0,,,0.0,3.94,0.0,0.0,0.0,0.0,0.0,0.0,0.0,0.0,0.0,0.0,0.0,0.0,0.0,0.0,0.0
4249087,Matt Gay,WSH,K,12,8.3,ACTIVE,1,0,,,0.0,8.3,0.0,0.0,0.0,0.0,0.0,0.0,0.0,0.0,0.0,0.0,0.0,0.0,0.0,0.0,0.0
4882093,Bhayshul Tuten,JAX,RB,8,4.0,ACTIVE,0,0,,,0.0,4.0,0.0,0.0,0.0,0.0,0.0,0.0,0.0,0.0,0.0,0.0,0.0,0.0,0.0,0.0,0.0
15835,Zach Ertz,WSH,TE,12,6.26,ACTIVE,0,0,,,0.0,6.26,0.0,0.0,0.0,0.0,0.0,0.0,0.0,0.0,0.0,0.0,0.0,0.0,0.0,0.0,0.0
4360438,Brandon Aiyuk,SF,WR,14,0.0,OUT,0,0,,,0.0,0.0,0.0,0.0,0.0,0.0,0.0,0.0,0.0,0.0,0.0,0.0,0.0,0.0,0.0,0.0,0.0
2971573,Ka'imi Fairbairn,HOU,K,6,8.78,ACTIVE,1,0,,,0.0,8.78,0.0,0.0,0.0,0.0,0.0,0.0,0.0,0.0,0.0,0.0,0.0,0.0,0.0,0.0,0.0
4360310,Trevor Lawrence,JAX,QB,8,14.96,ACTIVE,0,0,,,0.0,14.96,0.0,0.0,0.0,0.0,0.0,0.0,0.0,0.0,0.0,0.0,0.0,0.0,0.0,0.0,0.0
4373626,Tyler Allgeier,ATL,RB,5,6.47,ACTIVE,1,0,,,0.0,6.47,0.0,0.0,0.0,0.0,0.0,0.0,0.0,0.0,0.0,0.0,0.0,0.0,0.0,0.0,0.0
4686472,Marvin Mims Jr.,DEN,WR,12,7.36,ACTIVE,0,0,,,0.0,7.36,0.0,0.0,0.0,0.0,0.0,0.0,0.0,0.0,0.0,0.0,0.0,0.0,0.0,0.0,0.0
-16009,Packers D/ST,GB,DST,5,0.0,ACTIVE,0,0,,,0.0,0.0,0.0,0.0,0.0,0.0,0.0,0.0,0.0,0.0,0.0,0.0,0.0,0.0,0.0,0.0,0.0
5081397,Dylan Sampson,CLE,RB,9,10.82,ACTIVE,2,0,,,0.0,10.82,0.0,0.0,0.0,0.0,0.0,0.0,0.0,0.0,0.0,0.0,0.0,0.0,0.0,0.0,0.0
12483,Matthew Stafford,LAR,QB,8,14.41,ACTIVE,0,0,,,0.0,14.41,0.0,0.0,0.0,0.0,0.0,0.0,0.0,0.0,0.0,0.0,0.0,0.0,0.0,0.0,0.0
4428557,Tyjae Spears,TEN,RB,10,0.0,INJURY_RESERVE,0,0,,,0.0,0.0,0.0,0.0,0.0,0.0,0.0,0.0,0.0,0.0,0.0,0.0,0.0,0.0,0.0,0.0,0.0
4360939,Rashod Bateman,BAL,WR,7,6.74,ACTIVE,1,0,,,0.0,6.74,0.0,0.0,0.0,0.0,0.0,0.0,0.0,0.0,0.0,0.0,0.0,0.0,0.0,0.0,0.0
-16011,Colts D/ST,IND,DST,11,0.0,ACTIVE,0,0,,,0.0,0.0,0.0,0.0,0.0,0.0,0.0,0.0,0.0,0.0,0.0,0.0,0.0,0.0,0.0,0.0,0.0
4241479,Tua Tagovailoa,MIA,QB,12,15.05,ACTIVE,0,0,,,0.0,15.05,0.0,0.0,0.0,0.0,0.0,0.0,0.0,0.0,0.0,0.0,0.0,0.0,0.0,0.0,0.0
4569587,Wan'Dale Robinson,NYG,WR,14,8.98,ACTIVE,0,0,,,0.0,8.98,0.0,0.0,0.0,0.0,0.0,0.0,0.0,0.0,0.0,0.0,0.0,0.0,0.0,0.0,0.0
3895856,Christian Kirk,HOU,WR,6,9.09,OUT,0,0,,,0.0,9.09,0.0,0.0,0.0,0.0,0.0,0.0,0.0,0.0,0.0,0.0,0.0,0.0,0.0,0.0,0.0
-16028,Commanders D/ST,WSH,DST,12,0.0,ACTIVE,2,0,,,0.0,0.0,0.0,0.0,0.0,0.0,0.0,0.0,0.0,0.0,0.0,0.0,0.0,0.0,0.0,0.0,0.0
2985659,Wil Lutz,DEN,K,12,8.3,ACTIVE,1,0,,,0.0,8.3,0.0,0.0,0.0,0.0,0.0,0.0,0.0,0.0,0.0,0.0,0.0,0.0,0.0,0.0,0.0
4688380,Cam Ward,TEN,QB,10,13.75,ACTIVE,0,0,,,0.0,13.75,0.0,0.0,0.0,0.0,0.0,0.0,0.0,0.0,0.0,0.0,0.0,0.0,0.0,0.0,0.0
-16020,Jets D/ST,NYJ,DST,9,0.0,ACTIVE,0,0,,,0.0,0.0,0.0,0.0,0.0,0.0,0.0,0.0,0.0,0.0,0.0,0.0,0.0,0.0,0.0,0.0,0.0
4429501,Ray Davis,BUF,RB,7,5.03,ACTIVE,0,0,,,0.0,5.03,0.0,0.0,0.0,0.0,0.0,0.0,0.0,0.0,0.0,0.0,0.0,0.0,0.0,0.0,0.0
3054212,Jonnu Smith,PIT,TE,5,6.74,ACTIVE,0,0,,,0.0,6.74,0.0,0.0,0.0,0.0,0.0,0.0,0.0,0.0,0.0,0.0,0.0,0.0,0.0,0.0,0.0
4427095,DeMario Douglas,NE,WR,14,6.76,ACTIVE,0,0,,,0.0,6.76,0.0,0.0,0.0,0.0,0.0,0.0,0.0,0.0,0.0,0.0,0.0,0.0,0.0,0.0,0.0
4430539,Brenton Strange,JAX,TE,8,6.49,ACTIVE,0,0,,,0.0,6.49,0.0,0.0,0.0,0.0,0.0,0.0,0.0,0.0,0.0,0.0,0.0,0.0,0.0,0.0,0.0
4360423,Michael Penix Jr.,ATL,QB,5,13.9,ACTIVE,0,0,,,0.0,13.9,0.0,0.0,0.0,0.0,0.0,0.0,0.0,0.0,0.0,0.0,0.0,0.0,0.0,0.0,0.0
4243331,Cade Otton,TB,TE,9,7.35,ACTIVE,0,0,,,0.0,7.35,0.0,0.0,0.0,0.0,0.0,0.0,0.0,0.0,0.0,0.0,0.0,0.0,0.0,0.0,0.0
4361432,Romeo Doubs,GB,WR,5,6.08,ACTIVE,0,0,,,0.0,6.08,0.0,0.0,0.0,0.0,0.0,0.0,0.0,0.0,0.0,0.0,0.0,0.0,0.0,0.0,0.0
2576925,Darren Waller,MIA,TE,12,5.46,OUT,0,0,,,0.0,5.46,0.0,0.0,0.0,0.0,0.0,0.0,0.0,0.0,0.0,0.0,0.0,0.0,0.0,0.0,0.0
-16027,Buccaneers D/ST,TB,DST,9,0.0,ACTIVE,0,0,,,0.0,0.0,0.0,0.0,0.0,0.0,0.0,0.0,0.0,0.0,0.0,0.0,0.0,0.0,0.0,0.0,0.0
4431545,Will Shipley,PHI,RB,9,2.17,QUESTIONABLE,0,0,,,0.0,2.17,0.0,0.0,0.0,0.0,0.0,0.0,0.0,0.0,0.0,0.0,0.0,0.0,0.0,0.0,0.0
-16025,49ers D/ST,SF,DST,14,0.0,ACTIVE,1,0,,,0.0,0.0,0.0,0.0,0.0,0.0,0.0,0.0,0.0,0.0,0.0,0.0,0.0,0.0,0.0,0.0,0.0
3124679,Jason Sanders,MIA,K,12,0.0,INJURY_RESERVE,0,0,,,0.0,0.0,0.0,0.0,0.0,0.0,0.0,0.0,0.0,0.0,0.0,0.0,0.0,0.0,0.0,0.0,0.0
4685278,Luther Burden III,CHI,WR,5,2.59,ACTIVE,0,0,,,0.0,2.59,0.0,0.0,0.0,0.0,0.0,0.0,0.0,0.0,0.0,0.0,0.0,0.0,0.0,0.0,0.0
4360234,Evan McPherson,CIN,K,10,8.99,ACTIVE,0,0,,,0.0,8.99,0.0,0.0,0.0,0.0,0.0,0.0,0.0,0.0,0.0,0.0,0.0,0.0,0.0,0.0,0.0
-16012,Chiefs D/ST,KC,DST,10,0.0,ACTIVE,0,0,,,0.0,0.0,0.0,0.0,0.0,0.0,0.0,0.0,0.0,0.0,0.0,0.0,0.0,0.0,0.0,0.0,0.0
4038441,Justice Hill,BAL,RB,7,4.09,ACTIVE,1,0,,,0.0,4.09,0.0,0.0,0.0,0.0,0.0,0.0,0.0,0.0,0.0,0.0,0.0,0.0,0.0,0.0,0.0
4432775,Dont'e Thornton Jr.,LV,WR,8,5.79,ACTIVE,0,0,,,0.0,5.79,0.0,0.0,0.0,0.0,0.0,0.0,0.0,0.0,0.0,0.0,0.0,0.0,0.0,0.0,0.0
-16019,Giants D/ST,NYG,DST,14,0.0,ACTIVE,0,0,,,0.0,0.0,0.0,0.0,0.0,0.0,0.0,0.0,0.0,0.0,0.0,0.0,0.0,0.0,0.0,0.0,0.0
4685720,Bryce Young,CAR,QB,14,13.69,ACTIVE,0,0,,,0.0,13.69,0.0,0.0,0.0,0.0,0.0,0.0,0.0,0.0,0.0,0.0,0.0,0.0,0.0,0.0,0.0
-16003,Bears D/ST,CHI,DST,5,0.0,ACTIVE,0,0,,,0.0,0.0,0.0,0.0,0.0,0.0,0.0,0.0,0.0,0.0,0.0,0.0,0.0,0.0,0.0,0.0,0.0
4686612,Tre' Harris,LAC,WR,12,0.0,ACTIVE,0,0,,,0.0,0.0,0.0,0.0,0.0,0.0,0.0,0.0,0.0,0.0,0.0,0.0,0.0,0.0,0.0,0.0,0.0
4242433,Joshua Palmer,BUF,WR,7,0.0,ACTIVE,0,0,,,0.0,0.0,0.0,0.0,0.0,0.0,0.0,0.0,0.0,0.0,0.0,0.0,0.0,0.0,0.0,0.0,0.0
4429059,Woody Marks,HOU,RB,6,3.49,ACTIVE,0,0,,,0.0,3.49,0.0,0.0,0.0,0.0,0.0,0.0,0.0,0.0,0.0,0.0,0.0,0.0,0.0,0.0,0.0
3059915,Kareem Hunt,KC,RB,10,7.81,ACTIVE,0,0,,,0.0,7.81,0.0,0.0,0.0,0.0,0.0,0.0,0.0,0.0,0.0,0.0,0.0,0.0,0.0,0.0,0.0
2473037,Jason Myers,SEA,K,8,7.12,ACTIVE,0,0,,,0.0,7.12,0.0,0.0,0.0,0.0,0.0,0.0,0.0,0.0,0.0,0.0,0.0,0.0,0.0,0.0,0.0
4566192,Joshua Karty,LAR,K,8,7.98,ACTIVE,0,0,,,0.0,7.98,0.0,0.0,0.0,0.0,0.0,0.0,0.0,0.0,0.0,0.0,0.0,0.0,0.0,0.0,0.0
16339,Brandon McManus,GB,K,5,8.59,ACTIVE,0,0,,,0.0,8.59,0.0,0.0,0.0,0.0,0.0,0.0,0.0,0.0,0.0,0.0,0.0,0.0,0.0,0.0,0.0
4360635,Chig Okonkwo,TEN,TE,10,7.19,ACTIVE,0,0,,,0.0,7.19,0.0,0.0,0.0,0.0,0.0,0.0,0.0,0.0,0.0,0.0,0.0,0.0,0.0,0.0,0.0
4361411,Pat Freiermuth,PIT,TE,5,4.93,ACTIVE,0,0,,,0.0,4.93,0.0,0.0,0.0,0.0,0.0,0.0,0.0,0.0,0.0,0.0,0.0,0.0,0.0,0.0,0.0
4695883,Jalen Coker,CAR,WR,14,0.0,INJURY_RESERVE,0,0,,,0.0,0.0,0.0,0.0,0.0,0.0,0.0,0.0,0.0,0.0,0.0,0.0,0.0,0.0,0.0,0.0,0.0
2976499,Amari Cooper,LV,WR,8,0.0,ACTIVE,0,0,,,0.0,0.0,0.0,0.0,0.0,0.0,0.0,0.0,0.0,0.0,0.0,0.0,0.0,0.0,0.0,0.0,0.0
4360238,Dameon Pierce,HOU,RB,6,3.02,ACTIVE,0,0,,,0.0,3.02,0.0,0.0,0.0,0.0,0.0,0.0,0.0,0.0,0.0,0.0,0.0,0.0,0.0,0.0,0.0
3912547,Sam Darnold,SEA,QB,8,15.43,ACTIVE,1,0,,,0.0,15.43,0.0,0.0,0.0,0.0,0.0,0.0,0.0,0.0,0.0,0.0,0.0,0.0,0.0,0.0,0.0
15795,DeAndre Hopkins,BAL,WR,7,3.3,ACTIVE,0,0,,,0.0,3.3,0.0,0.0,0.0,0.0,0.0,0.0,0.0,0.0,0.0,0.0,0.0,0.0,0.0,0.0,0.0
15864,Geno Smith,LV,QB,8,15.19,ACTIVE,0,0,,,0.0,15.19,0.0,0.0,0.0,0.0,0.0,0.0,0.0,0.0,0.0,0.0,0.0,0.0,0.0,0.0,0.0
8439,Aaron Rodgers,PIT,QB,5,14.95,ACTIVE,0,0,,,0.0,14.95,0.0,0.0,0.0,0.0,0.0,0.0,0.0,0.0,0.0,0.0,0.0,0.0,0.0,0.0,0.0
4682745,Jaylen Wright,MIA,RB,12,2.45,OUT,0,0,,,0.0,2.45,0.0,0.0,0.0,0.0,0.0,0.0,0.0,0.0,0.0,0.0,0.0,0.0,0.0,0.0,0.0
4038815,Rico Dowdle,CAR,RB,14,4.85,ACTIVE,0,0,,,0.0,4.85,0.0,0.0,0.0,0.0,0.0,0.0,0.0,0.0,0.0,0.0,0.0,0.0,0.0,0.0,0.0
4360761,Michael Wilson,ARI,WR,8,6.61,ACTIVE,0,0,,,0.0,6.61,0.0,0.0,0.0,0.0,0.0,0.0,0.0,0.0,0.0,0.0,0.0,0.0,0.0,0.0,0.0
4372561,Isaac Guerendo,SF,RB,14,0.63,ACTIVE,0,0,,,0.0,0.63,0.0,0.0,0.0,0.0,0.0,0.0,0.0,0.0,0.0,0.0,0.0,0.0,0.0,0.0,0.0
3049899,Younghoe Koo,ATL,K,5,7.68,ACTIVE,0,0,,,0.0,7.68,0.0,0.0,0.0,0.0,0.0,0.0,0.0,0.0,0.0,0.0,0.0,0.0,0.0,0.0,0.0
4603186,Jack Bech,LV,WR,8,1.76,ACTIVE,0,0,,,0.0,1.76,0.0,0.0,0.0,0.0,0.0,0.0,0.0,0.0,0.0,0.0,0.0,0.0,0.0,0.0,0.0
4599739,Kendre Miller,NO,RB,11,4.19,ACTIVE,0,0,,,0.0,4.19,0.0,0.0,0.0,0.0,0.0,0.0,0.0,0.0,0.0,0.0,0.0,0.0,0.0,0.0,0.0
-16014,Rams D/ST,LAR,DST,8,0.0,ACTIVE,1,0,,,0.0,0.0,0.0,0.0,0.0,0.0,0.0,0.0,0.0,0.0,0.0,0.0,0.0,0.0,0.0,0.0,0.0
2577327,Tyler Lockett,TEN,WR,10,3.15,ACTIVE,0,0,,,0.0,3.15,0.0,0.0,0.0,0.0,0.0,0.0,0.0,0.0,0.0,0.0,0.0,0.0,0.0,0.0,0.0
4361050,Isaiah Likely,BAL,TE,7,3.45,OUT,1,0,,,0.0,3.45,0.0,0.0,0.0,0.0,0.0,0.0,0.0,0.0,0.0,0.0,0.0,0.0,0.0,0.0,0.0
3117256,Dalton Schultz,HOU,TE,6,5.36,ACTIVE,0,0,,,0.0,5.36,0.0,0.0,0.0,0.0,0.0,0.0,0.0,0.0,0.0,0.0,0.0,0.0,0.0,0.0,0.0
4808766,Mason Taylor,NYJ,TE,9,4.68,ACTIVE,0,0,,,0.0,4.68,0.0,0.0,0.0,0.0,0.0,0.0,0.0,0.0,0.0,0.0,0.0,0.0,0.0,0.0,0.0
11122,Matt Prater,BUF,K,7,8.0,ACTIVE,0,0,,,0.0,8.0,0.0,0.0,0.0,0.0,0.0,0.0,0.0,0.0,0.0,0.0,0.0,0.0,0.0,0.0,0.0
5123663,Isaac TeSlaa,DET,WR,8,3.27,ACTIVE,0,0,,,0.0,3.27,0.0,0.0,0.0,0.0,0.0,0.0,0.0,0.0,0.0,0.0,0.0,0.0,0.0,0.0,0.0
-16015,Dolphins D/ST,MIA,DST,12,0.0,ACTIVE,0,0,,,0.0,0.0,0.0,0.0,0.0,0.0,0.0,0.0,0.0,0.0,0.0,0.0,0.0,0.0,0.0,0.0,0.0
4567104,Will Reichard,MIN,K,6,8.58,ACTIVE,0,0,,,0.0,8.58,0.0,0.0,0.0,0.0,0.0,0.0,0.0,0.0,0.0,0.0,0.0,0.0,0.0,0.0,0.0
4429096,Blake Corum,LAR,RB,8,3.34,ACTIVE,0,0,,,0.0,3.34,0.0,0.0,0.0,0.0,0.0,0.0,0.0,0.0,0.0,0.0,0.0,0.0,0.0,0.0,0.0
3916945,Darius Slayton,NYG,WR,14,4.21,ACTIVE,0,0,,,0.0,4.21,0.0,0.0,0.0,0.0,0.0,0.0,0.0,0.0,0.0,0.0,0.0,0.0,0.0,0.0,0.0
4613202,Kyle Williams,NE,WR,14,1.65,ACTIVE,0,0,,,0.0,1.65,0.0,0.0,0.0,0.0,0.0,0.0,0.0,0.0,0.0,0.0,0.0,0.0,0.0,0.0,0.0
4426386,Roschon Johnson,CHI,RB,5,5.08,QUESTIONABLE,0,0,,,0.0,5.08,0.0,0.0,0.0,0.0,0.0,0.0,0.0,0.0,0.0,0.0,0.0,0.0,0.0,0.0,0.0
3917792,Daniel Jones,IND,QB,11,11.45,ACTIVE,0,0,,,0.0,11.45,0.0,0.0,0.0,0.0,0.0,0.0,0.0,0.0,0.0,0.0,0.0,0.0,0.0,0.0,0.0
4883647,Elic Ayomanor,TEN,WR,10,10.76,ACTIVE,0,0,,,0.0,10.76,0.0,0.0,0.0,0.0,0.0,0.0,0.0,0.0,0.0,0.0,0.0,0.0,0.0,0.0,0.0
4689114,Jaxson Dart,NYG,QB,14,0.0,ACTIVE,0,0,,,0.0,0.0,0.0,0.0,0.0,0.0,0.0,0.0,0.0,0.0,0.0,0.0,0.0,0.0,0.0,0.0,0.0
10621,Nick Folk,NYJ,K,9,6.51,ACTIVE,0,0,,,0.0,6.51,0.0,0.0,0.0,0.0,0.0,0.0,0.0,0.0,0.0,0.0,0.0,0.0,0.0,0.0,0.0
3051909,Daniel Carlson,LV,K,8,8.72,ACTIVE,0,0,,,0.0,8.72,0.0,0.0,0.0,0.0,0.0,0.0,0.0,0.0,0.0,0.0,0.0,0.0,0.0,0.0,0.0
14881,Russell Wilson,NYG,QB,14,15.87,ACTIVE,0,0,,,0.0,15.87,0.0,0.0,0.0,0.0,0.0,0.0,0.0,0.0,0.0,0.0,0.0,0.0,0.0,0.0,0.0
-16004,Bengals D/ST,CIN,DST,10,0.0,ACTIVE,0,0,,,0.0,0.0,0.0,0.0,0.0,0.0,0.0,0.0,0.0,0.0,0.0,0.0,0.0,0.0,0.0,0.0,0.0
4600981,Pat Bryant,DEN,WR,12,1.92,ACTIVE,0,0,,,0.0,1.92,0.0,0.0,0.0,0.0,0.0,0.0,0.0,0.0,0.0,0.0,0.0,0.0,0.0,0.0,0.0
3728262,Ray-Ray McCloud III,ATL,WR,5,0.0,ACTIVE,0,0,,,0.0,0.0,0.0,0.0,0.0,0.0,0.0,0.0,0.0,0.0,0.0,0.0,0.0,0.0,0.0,0.0,0.0
3929785,Nick Westbrook-Ikhine,MIA,WR,12,3.66,ACTIVE,0,0,,,0.0,3.66,0.0,0.0,0.0,0.0,0.0,0.0,0.0,0.0,0.0,0.0,0.0,0.0,0.0,0.0,0.0
4429023,MarShawn Lloyd,GB,RB,5,0.0,INJURY_RESERVE,0,0,,,0.0,0.0,0.0,0.0,0.0,0.0,0.0,0.0,0.0,0.0,0.0,0.0,0.0,0.0,0.0,0.0,0.0
-16006,Cowboys D/ST,DAL,DST,10,0.0,ACTIVE,0,0,,,0.0,0.0,0.0,0.0,0.0,0.0,0.0,0.0,0.0,0.0,0.0,0.0,0.0,0.0,0.0,0.0,0.0
4429025,Quentin Johnston,LAC,WR,12,6.65,ACTIVE,0,0,,,0.0,6.65,0.0,0.0,0.0,0.0,0.0,0.0,0.0,0.0,0.0,0.0,0.0,0.0,0.0,0.0,0.0
4430834,Jalen McMillan,TB,WR,9,0.0,INJURY_RESERVE,0,0,,,0.0,0.0,0.0,0.0,0.0,0.0,0.0,0.0,0.0,0.0,0.0,0.0,0.0,0.0,0.0,0.0,0.0
4432762,Shedeur Sanders,CLE,QB,9,0.0,OUT,0,0,,,0.0,0.0,0.0,0.0,0.0,0.0,0.0,0.0,0.0,0.0,0.0,0.0,0.0,0.0,0.0,0.0,0.0
-16024,Chargers D/ST,LAC,DST,12,0.0,ACTIVE,0,0,,,0.0,0.0,0.0,0.0,0.0,0.0,0.0,0.0,0.0,0.0,0.0,0.0,0.0,0.0,0.0,0.0,0.0
3116164,Mike Gesicki,CIN,TE,10,6.23,ACTIVE,0,0,,,0.0,6.23,0.0,0.0,0.0,0.0,0.0,0.0,0.0,0.0,0.0,0.0,0.0,0.0,0.0,0.0,0.0
4678006,Elijah Arroyo,SEA,TE,8,3.33,ACTIVE,0,0,,,0.0,3.33,0.0,0.0,0.0,0.0,0.0,0.0,0.0,0.0,0.0,0.0,0.0,0.0,0.0,0.0,0.0
-16030,Jaguars D/ST,JAX,DST,8,0.0,ACTIVE,0,0,,,0.0,0.0,0.0,0.0,0.0,0.0,0.0,0.0,0.0,0.0,0.0,0.0,0.0,0.0,0.0,0.0,0.0
4429148,Theo Johnson,NYG,TE,14,5.44,ACTIVE,0,0,,,0.0,5.44,0.0,0.0,0.0,0.0,0.0,0.0,0.0,0.0,0.0,0.0,0.0,0.0,0.0,0.0,0.0
2573401,Tyler Higbee,LAR,TE,8,5.04,ACTIVE,0,0,,,0.0,5.04,0.0,0.0,0.0,0.0,0.0,0.0,0.0,0.0,0.0,0.0,0.0,0.0,0.0,0.0,0.0
4360797,Tutu Atwell,LAR,WR,8,2.06,ACTIVE,0,0,,,0.0,2.06,0.0,0.0,0.0,0.0,0.0,0.0,0.0,0.0,0.0,0.0,0.0,0.0,0.0,0.0,0.0
4045163,Miles Sanders,DAL,RB,10,3.92,ACTIVE,0,0,,,0.0,3.92,0.0,0.0,0.0,0.0,0.0,0.0,0.0,0.0,0.0,0.0,0.0,0.0,0.0,0.0,0.0
3135321,Hunter Renfrow,CAR,WR,14,0.0,ACTIVE,0,0,,,0.0,0.0,0.0,0.0,0.0,0.0,0.0,0.0,0.0,0.0,0.0,0.0,0.0,0.0,0.0,0.0,0.0
4372066,Jake Moody,SF,K,14,8.03,ACTIVE,0,0,,,0.0,8.03,0.0,0.0,0.0,0.0,0.0,0.0,0.0,0.0,0.0,0.0,0.0,0.0,0.0,0.0,0.0
4608686,Kyle Monangai,CHI,RB,5,3.58,ACTIVE,0,0,,,0.0,3.58,0.0,0.0,0.0,0.0,0.0,0.0,0.0,0.0,0.0,0.0,0.0,0.0,0.0,0.0,0.0
4362619,Chris Rodriguez Jr.,WSH,RB,12,1.68,OUT,0,0,,,0.0,1.68,0.0,0.0,0.0,0.0,0.0,0.0,0.0,0.0,0.0,0.0,0.0,0.0,0.0,0.0,0.0
11252,Joe Flacco,CLE,QB,9,14.27,ACTIVE,0,0,,,0.0,14.27,0.0,0.0,0.0,0.0,0.0,0.0,0.0,0.0,0.0,0.0,0.0,0.0,0.0,0.0,0.0
4243389,Calvin Austin III,PIT,WR,5,8.24,ACTIVE,0,0,,,0.0,8.24,0.0,0.0,0.0,0.0,0.0,0.0,0.0,0.0,0.0,0.0,0.0,0.0,0.0,0.0,0.0
2576414,Raheem Mostert,LV,RB,8,1.0,OUT,0,0,,,0.0,1.0,0.0,0.0,0.0,0.0,0.0,0.0,0.0,0.0,0.0,0.0,0.0,0.0,0.0,0.0,0.0
4597500,Adonai Mitchell,IND,WR,11,2.12,ACTIVE,0,0,,,0.0,2.12,0.0,0.0,0.0,0.0,0.0,0.0,0.0,0.0,0.0,0.0,0.0,0.0,0.0,0.0,0.0
4874509,DJ Giddens,IND,RB,11,4.06,ACTIVE,0,0,,,0.0,4.06,0.0,0.0,0.0,0.0,0.0,0.0,0.0,0.0,0.0,0.0,0.0,0.0,0.0,0.0,0.0
3676833,KaVontae Turpin,DAL,WR,10,4.59,ACTIVE,0,0,,,0.0,4.59,0.0,0.0,0.0,0.0,0.0,0.0,0.0,0.0,0.0,0.0,0.0,0.0,0.0,0.0,0.0
-16005,Browns D/ST,CLE,DST,9,0.0,ACTIVE,0,0,,,0.0,0.0,0.0,0.0,0.0,0.0,0.0,0.0,0.0,0.0,0.0,0.0,0.0,0.0,0.0,0.0,0.0
4429084,Anthony Richardson Sr.,IND,QB,11,0.0,ACTIVE,0,0,,,0.0,0.0,0.0,0.0,0.0,0.0,0.0,0.0,0.0,0.0,0.0,0.0,0.0,0.0,0.0,0.0,0.0
4371733,Kenneth Gainwell,PIT,RB,5,10.33,ACTIVE,0,0,,,0.0,10.33,0.0,0.0,0.0,0.0,0.0,0.0,0.0,0.0,0.0,0.0,0.0,0.0,0.0,0.0,0.0
4248528,Christian Watson,GB,WR,5,0.0,OUT,0,0,,,0.0,0.0,0.0,0.0,0.0,0.0,0.0,0.0,0.0,0.0,0.0,0.0,0.0,0.0,0.0,0.0,0.0
3115306,Josh Reynolds,NYJ,WR,9,4.24,ACTIVE,0,0,,,0.0,4.24,0.0,0.0,0.0,0.0,0.0,0.0,0.0,0.0,0.0,0.0,0.0,0.0,0.0,0.0,0.0
4361577,Dyami Brown,JAX,WR,8,5.04,ACTIVE,0,0,,,0.0,5.04,0.0,0.0,0.0,0.0,0.0,0.0,0.0,0.0,0.0,0.0,0.0,0.0,0.0,0.0,0.0
4596334,Keaton Mitchell,BAL,RB,7,0.94,ACTIVE,0,0,,,0.0,0.94,0.0,0.0,0.0,0.0,0.0,0.0,0.0,0.0,0.0,0.0,0.0,0.0,0.0,0.0,0.0
4431280,Troy Franklin,DEN,WR,12,5.08,ACTIVE,0,0,,,0.0,5.08,0.0,0.0,0.0,0.0,0.0,0.0,0.0,0.0,0.0,0.0,0.0,0.0,0.0,0.0,0.0
16731,Brandin Cooks,NO,WR,11,3.43,ACTIVE,0,0,,,0.0,3.43,0.0,0.0,0.0,0.0,0.0,0.0,0.0,0.0,0.0,0.0,0.0,0.0,0.0,0.0,0.0
4597703,Tory Horton,SEA,WR,8,3.46,ACTIVE,0,0,,,0.0,3.46,0.0,0.0,0.0,0.0,0.0,0.0,0.0,0.0,0.0,0.0,0.0,0.0,0.0,0.0,0.0
3116389,Samaje Perine,CIN,RB,10,2.92,ACTIVE,0,0,,,0.0,2.92,0.0,0.0,0.0,0.0,0.0,0.0,0.0,0.0,0.0,0.0,0.0,0.0,0.0,0.0,0.0
4571557,Spencer Shrader,IND,K,11,7.02,ACTIVE,0,0,,,0.0,7.02,0.0,0.0,0.0,0.0,0.0,0.0,0.0,0.0,0.0,0.0,0.0,0.0,0.0,0.0,0.0
4368003,Andrei Iosivas,CIN,WR,10,1.89,ACTIVE,0,0,,,0.0,1.89,0.0,0.0,0.0,0.0,0.0,0.0,0.0,0.0,0.0,0.0,0.0,0.0,0.0,0.0,0.0
4366031,Tank Dell,HOU,WR,6,0.0,OUT,0,0,,,0.0,0.0,0.0,0.0,0.0,0.0,0.0,0.0,0.0,0.0,0.0,0.0,0.0,0.0,0.0,0.0,0.0
3929645,Juwan Johnson,NO,TE,11,4.47,ACTIVE,0,0,,,0.0,4.47,0.0,0.0,0.0,0.0,0.0,0.0,0.0,0.0,0.0,0.0,0.0,0.0,0.0,0.0,0.0
4360078,Alec Pierce,IND,WR,11,6.13,ACTIVE,0,0,,,0.0,6.13,0.0,0.0,0.0,0.0,0.0,0.0,0.0,0.0,0.0,0.0,0.0,0.0,0.0,0.0,0.0
4426339,Spencer Rattler,NO,QB,11,10.43,ACTIVE,0,0,,,0.0,10.43,0.0,0.0,0.0,0.0,0.0,0.0,0.0,0.0,0.0,0.0,0.0,0.0,0.0,0.0,0.0
4431588,Ja'Tavion Sanders,CAR,TE,14,6.23,ACTIVE,0,0,,,0.0,6.23,0.0,0.0,0.0,0.0,0.0,0.0,0.0,0.0,0.0,0.0,0.0,0.0,0.0,0.0,0.0
4431492,Roman Wilson,PIT,WR,5,2.55,ACTIVE,0,0,,,0.0,2.55,0.0,0.0,0.0,0.0,0.0,0.0,0.0,0.0,0.0,0.0,0.0,0.0,0.0,0.0,0.0
4258595,Cole Kmet,CHI,TE,5,4.23,ACTIVE,0,0,,,0.0,4.23,0.0,0.0,0.0,0.0,0.0,0.0,0.0,0.0,0.0,0.0,0.0,0.0,0.0,0.0,0.0
4685350,Trevor Etienne,CAR,RB,14,1.93,ACTIVE,0,0,,,0.0,1.93,0.0,0.0,0.0,0.0,0.0,0.0,0.0,0.0,0.0,0.0,0.0,0.0,0.0,0.0,0.0
4695193,Efton Chism III,NE,WR,14,0.0,OUT,0,0,,,0.0,0.0,0.0,0.0,0.0,0.0,0.0,0.0,0.0,0.0,0.0,0.0,0.0,0.0,0.0,0.0,0.0
4569923,Andy Borregales,NE,K,14,6.35,ACTIVE,0,0,,,0.0,6.35,0.0,0.0,0.0,0.0,0.0,0.0,0.0,0.0,0.0,0.0,0.0,0.0,0.0,0.0,0.0
4241555,Elijah Mitchell,KC,RB,10,0.0,OUT,0,0,,,0.0,0.0,0.0,0.0,0.0,0.0,0.0,0.0,0.0,0.0,0.0,0.0,0.0,0.0,0.0,0.0,0.0
3120348,JuJu Smith-Schuster,KC,WR,10,2.87,ACTIVE,0,0,,,0.0,2.87,0.0,0.0,0.0,0.0,0.0,0.0,0.0,0.0,0.0,0.0,0.0,0.0,0.0,0.0,0.0
4428718,Tre Tucker,LV,WR,8,4.39,ACTIVE,0,0,,,0.0,4.39,0.0,0.0,0.0,0.0,0.0,0.0,0.0,0.0,0.0,0.0,0.0,0.0,0.0,0.0,0.0
-16013,Raiders D/ST,LV,DST,8,0.0,ACTIVE,0,0,,,0.0,0.0,0.0,0.0,0.0,0.0,0.0,0.0,0.0,0.0,0.0,0.0,0.0,0.0,0.0,0.0,0.0
3915411,Ty Johnson,BUF,RB,7,3.48,ACTIVE,0,0,,,0.0,3.48,0.0,0.0,0.0,0.0,0.0,0.0,0.0,0.0,0.0,0.0,0.0,0.0,0.0,0.0,0.0
3121409,Noah Brown,WSH,WR,12,2.31,ACTIVE,0,0,,,0.0,2.31,0.0,0.0,0.0,0.0,0.0,0.0,0.0,0.0,0.0,0.0,0.0,0.0,0.0,0.0,0.0
-16001,Falcons D/ST,ATL,DST,5,0.0,ACTIVE,0,0,,,0.0,0.0,0.0,0.0,0.0,0.0,0.0,0.0,0.0,0.0,0.0,0.0,0.0,0.0,0.0,0.0,0.0
4363538,Chad Ryland,ARI,K,8,8.1,ACTIVE,0,0,,,0.0,8.1,0.0,0.0,0.0,0.0,0.0,0.0,0.0,0.0,0.0,0.0,0.0,0.0,0.0,0.0,0.0
2468609,Taysom Hill,NO,TE,11,0.0,OUT,0,0,,,0.0,0.0,0.0,0.0,0.0,0.0,0.0,0.0,0.0,0.0,0.0,0.0,0.0,0.0,0.0,0.0,0.0
4430871,Sean Tucker,TB,RB,9,3.38,ACTIVE,0,0,,,0.0,3.38,0.0,0.0,0.0,0.0,0.0,0.0,0.0,0.0,0.0,0.0,0.0,0.0,0.0,0.0,0.0
3128390,Allen Lazard,NYJ,WR,9,2.09,OUT,0,0,,,0.0,2.09,0.0,0.0,0.0,0.0,0.0,0.0,0.0,0.0,0.0,0.0,0.0,0.0,0.0,0.0,0.0
12460,Graham Gano,NYG,K,14,6.61,ACTIVE,0,0,,,0.0,6.61,0.0,0.0,0.0,0.0,0.0,0.0,0.0,0.0,0.0,0.0,0.0,0.0,0.0,0.0,0.0
5083076,Harold Fannin Jr.,CLE,TE,9,7.57,ACTIVE,0,0,,,0.0,7.57,0.0,0.0,0.0,0.0,0.0,0.0,0.0,0.0,0.0,0.0,0.0,0.0,0.0,0.0,0.0
4259619,Blake Grupe,NO,K,11,6.84,ACTIVE,0,0,,,0.0,6.84,0.0,0.0,0.0,0.0,0.0,0.0,0.0,0.0,0.0,0.0,0.0,0.0,0.0,0.0,0.0
4586312,Jaylin Noel,HOU,WR,6,2.46,ACTIVE,0,0,,,0.0,2.46,0.0,0.0,0.0,0.0,0.0,0.0,0.0,0.0,0.0,0.0,0.0,0.0,0.0,0.0,0.0
4429299,Tahj Brooks,CIN,RB,10,0.57,ACTIVE,0,0,,,0.0,0.57,0.0,0.0,0.0,0.0,0.0,0.0,0.0,0.0,0.0,0.0,0.0,0.0,0.0,0.0,0.0
4710341,Jarquez Hunter,LAR,RB,8,0.74,ACTIVE,0,0,,,0.0,0.74,0.0,0.0,0.0,0.0,0.0,0.0,0.0,0.0,0.0,0.0,0.0,0.0,0.0,0.0,0.0
4682652,Devin Neal,NO,RB,11,2.67,ACTIVE,0,0,,,0.0,2.67,0.0,0.0,0.0,0.0,0.0,0.0,0.0,0.0,0.0,0.0,0.0,0.0,0.0,0.0,0.0
4240472,Noah Gray,KC,TE,10,3.48,ACTIVE,0,0,,,0.0,3.48,0.0,0.0,0.0,0.0,0.0,0.0,0.0,0.0,0.0,0.0,0.0,0.0,0.0,0.0,0.0
4569603,Malik Washington,MIA,WR,12,5.97,ACTIVE,0,0,,,0.0,5.97,0.0,0.0,0.0,0.0,0.0,0.0,0.0,0.0,0.0,0.0,0.0,0.0,0.0,0.0,0.0
3930086,Dawson Knox,BUF,TE,7,2.74,ACTIVE,0,0,,,0.0,2.74,0.0,0.0,0.0,0.0,0.0,0.0,0.0,0.0,0.0,0.0,0.0,0.0,0.0,0.0,0.0
4887558,Emanuel Wilson,GB,RB,5,2.86,ACTIVE,0,0,,,0.0,2.86,0.0,0.0,0.0,0.0,0.0,0.0,0.0,0.0,0.0,0.0,0.0,0.0,0.0,0.0,0.0
4808839,Isaiah Bond,CLE,WR,9,0.0,ACTIVE,0,0,,,0.0,0.0,0.0,0.0,0.0,0.0,0.0,0.0,0.0,0.0,0.0,0.0,0.0,0.0,0.0,0.0,0.0
4596602,Brashard Smith,KC,RB,10,2.02,ACTIVE,0,0,,,0.0,2.02,0.0,0.0,0.0,0.0,0.0,0.0,0.0,0.0,0.0,0.0,0.0,0.0,0.0,0.0,0.0
4243537,Gabe Davis,BUF,WR,7,0.0,QUESTIONABLE,0,0,,,0.0,0.0,0.0,0.0,0.0,0.0,0.0,0.0,0.0,0.0,0.0,0.0,0.0,0.0,0.0,0.0,0.0
4036131,Noah Fant,CIN,TE,10,7.21,ACTIVE,0,0,,,0.0,7.21,0.0,0.0,0.0,0.0,0.0,0.0,0.0,0.0,0.0,0.0,0.0,0.0,0.0,0.0,0.0
4568263,Ryan Fitzgerald,CAR,K,14,7.13,ACTIVE,0,0,,,0.0,7.13,0.0,0.0,0.0,0.0,0.0,0.0,0.0,0.0,0.0,0.0,0.0,0.0,0.0,0.0,0.0
16002,Kyle Juszczyk,SF,RB,14,0.0,ACTIVE,0,0,,,0.0,0.0,0.0,0.0,0.0,0.0,0.0,0.0,0.0,0.0,0.0,0.0,0.0,0.0,0.0,0.0,0.0
4249417,Jalen Tolbert,DAL,WR,10,3.19,ACTIVE,0,0,,,0.0,3.19,0.0,0.0,0.0,0.0,0.0,0.0,0.0,0.0,0.0,0.0,0.0,0.0,0.0,0.0,0.0
4360689,Tyler Shough,NO,QB,11,0.0,ACTIVE,0,0,,,0.0,0.0,0.0,0.0,0.0,0.0,0.0,0.0,0.0,0.0,0.0,0.0,0.0,0.0,0.0,0.0,0.0
4361409,Jahan Dotson,PHI,WR,9,2.58,ACTIVE,0,0,,,0.0,2.58,0.0,0.0,0.0,0.0,0.0,0.0,0.0,0.0,0.0,0.0,0.0,0.0,0.0,0.0,0.0
4570037,Terrance Ferguson,LAR,TE,8,2.69,ACTIVE,0,0,,,0.0,2.69,0.0,0.0,0.0,0.0,0.0,0.0,0.0,0.0,0.0,0.0,0.0,0.0,0.0,0.0,0.0
4361777,Zamir White,LV,RB,8,2.15,ACTIVE,0,0,,,0.0,2.15,0.0,0.0,0.0,0.0,0.0,0.0,0.0,0.0,0.0,0.0,0.0,0.0,0.0,0.0,0.0
-16010,Titans D/ST,TEN,DST,10,0.0,ACTIVE,0,0,,,0.0,0.0,0.0,0.0,0.0,0.0,0.0,0.0,0.0,0.0,0.0,0.0,0.0,0.0,0.0,0.0,0.0
4432734,Jalen Milroe,SEA,QB,8,0.0,ACTIVE,0,0,,,0.0,0.0,0.0,0.0,0.0,0.0,0.0,0.0,0.0,0.0,0.0,0.0,0.0,0.0,0.0,0.0,0.0
4239934,AJ Dillon,PHI,RB,9,1.29,ACTIVE,0,0,,,0.0,1.29,0.0,0.0,0.0,0.0,0.0,0.0,0.0,0.0,0.0,0.0,0.0,0.0,0.0,0.0,0.0
-16018,Saints D/ST,NO,DST,11,0.0,ACTIVE,0,0,,,0.0,0.0,0.0,0.0,0.0,0.0,0.0,0.0,0.0,0.0,0.0,0.0,0.0,0.0,0.0,0.0,0.0
14880,Kirk Cousins,ATL,QB,5,0.0,ACTIVE,0,0,,,0.0,0.0,0.0,0.0,0.0,0.0,0.0,0.0,0.0,0.0,0.0,0.0,0.0,0.0,0.0,0.0,0.0
4382466,Jalen Nailor,MIN,WR,6,4.77,ACTIVE,0,0,,,0.0,4.77,0.0,0.0,0.0,0.0,0.0,0.0,0.0,0.0,0.0,0.0,0.0,0.0,0.0,0.0,0.0
4040761,Devin Singletary,NYG,RB,14,3.77,ACTIVE,0,0,,,0.0,3.77,0.0,0.0,0.0,0.0,0.0,0.0,0.0,0.0,0.0,0.0,0.0,0.0,0.0,0.0,0.0
4429022,Kayshon Boutte,NE,WR,14,7.91,ACTIVE,0,0,,,0.0,7.91,0.0,0.0,0.0,0.0,0.0,0.0,0.0,0.0,0.0,0.0,0.0,0.0,0.0,0.0,0.0
4722893,Jaleel McLaughlin,DEN,RB,12,1.43,ACTIVE,0,0,,,0.0,1.43,0.0,0.0,0.0,0.0,0.0,0.0,0.0,0.0,0.0,0.0,0.0,0.0,0.0,0.0,0.0
-16029,Panthers D/ST,CAR,DST,14,0.0,ACTIVE,0,0,,,0.0,0.0,0.0,0.0,0.0,0.0,0.0,0.0,0.0,0.0,0.0,0.0,0.0,0.0,0.0,0.0,0.0
4429086,Michael Mayer,LV,TE,8,3.48,ACTIVE,0,0,,,0.0,3.48,0.0,0.0,0.0,0.0,0.0,0.0,0.0,0.0,0.0,0.0,0.0,0.0,0.0,0.0,0.0
4426948,Luke McCaffrey,WSH,WR,12,0.97,ACTIVE,0,0,,,0.0,0.97,0.0,0.0,0.0,0.0,0.0,0.0,0.0,0.0,0.0,0.0,0.0,0.0,0.0,0.0,0.0
3930066,Van Jefferson,TEN,WR,10,0.66,ACTIVE,0,0,,,0.0,0.66,0.0,0.0,0.0,0.0,0.0,0.0,0.0,0.0,0.0,0.0,0.0,0.0,0.0,0.0,0.0
4569559,Devaughn Vele,NO,WR,11,3.5,ACTIVE,0,0,,,0.0,3.5,0.0,0.0,0.0,0.0,0.0,0.0,0.0,0.0,0.0,0.0,0.0,0.0,0.0,0.0,0.0
4576297,AJ Barner,SEA,TE,8,5.07,ACTIVE,0,0,,,0.0,5.07,0.0,0.0,0.0,0.0,0.0,0.0,0.0,0.0,0.0,0.0,0.0,0.0,0.0,0.0,0.0
3124084,Joey Slye,TEN,K,10,6.42,ACTIVE,0,0,,,0.0,6.42,0.0,0.0,0.0,0.0,0.0,0.0,0.0,0.0,0.0,0.0,0.0,0.0,0.0,0.0,0.0
3917914,Olamide Zaccheaus,CHI,WR,5,2.58,ACTIVE,0,0,,,0.0,2.58,0.0,0.0,0.0,0.0,0.0,0.0,0.0,0.0,0.0,0.0,0.0,0.0,0.0,0.0,0.0
4428085,Luke Musgrave,GB,TE,5,2.45,ACTIVE,0,0,,,0.0,2.45,0.0,0.0,0.0,0.0,0.0,0.0,0.0,0.0,0.0,0.0,0.0,0.0,0.0,0.0,0.0
4430870,KeAndre Lambert-Smith,LAC,WR,12,1.44,ACTIVE,0,0,,,0.0,1.44,0.0,0.0,0.0,0.0,0.0,0.0,0.0,0.0,0.0,0.0,0.0,0.0,0.0,0.0,0.0
4367567,Julius Chestnut,TEN,RB,10,1.91,ACTIVE,0,0,,,0.0,1.91,0.0,0.0,0.0,0.0,0.0,0.0,0.0,0.0,0.0,0.0,0.0,0.0,0.0,0.0,0.0
4427238,Dillon Gabriel,CLE,QB,9,0.0,ACTIVE,0,0,,,0.0,0.0,0.0,0.0,0.0,0.0,0.0,0.0,0.0,0.0,0.0,0.0,0.0,0.0,0.0,0.0,0.0
4360294,Antonio Gibson,NE,RB,14,2.45,ACTIVE,0,0,,,0.0,2.45,0.0,0.0,0.0,0.0,0.0,0.0,0.0,0.0,0.0,0.0,0.0,0.0,0.0,0.0,0.0
5082630,Jalen Royals,KC,WR,10,3.6,OUT,0,0,,,0.0,3.6,0.0,0.0,0.0,0.0,0.0,0.0,0.0,0.0,0.0,0.0,0.0,0.0,0.0,0.0,0.0
4690070,Mitchell Tinsley,CIN,WR,10,0.39,ACTIVE,0,0,,,0.0,0.39,0.0,0.0,0.0,0.0,0.0,0.0,0.0,0.0,0.0,0.0,0.0,0.0,0.0,0.0,0.0
4708486,Jimmy Horn Jr.,CAR,WR,14,0.5,OUT,0,0,,,0.0,0.5,0.0,0.0,0.0,0.0,0.0,0.0,0.0,0.0,0.0,0.0,0.0,0.0,0.0,0.0,0.0
3149687,Chris Brooks,GB,RB,5,1.5,ACTIVE,0,0,,,0.0,1.5,0.0,0.0,0.0,0.0,0.0,0.0,0.0,0.0,0.0,0.0,0.0,0.0,0.0,0.0,0.0
2969939,Jameis Winston,NYG,QB,14,0.0,OUT,0,0,,,0.0,0.0,0.0,0.0,0.0,0.0,0.0,0.0,0.0,0.0,0.0,0.0,0.0,0.0,0.0,0.0,0.0
4695404,Isaiah Davis,NYJ,RB,9,1.82,ACTIVE,0,0,,,0.0,1.82,0.0,0.0,0.0,0.0,0.0,0.0,0.0,0.0,0.0,0.0,0.0,0.0,0.0,0.0,0.0
4258620,Andre Szmyt,CLE,K,9,0.0,ACTIVE,0,0,,,0.0,0.0,0.0,0.0,0.0,0.0,0.0,0.0,0.0,0.0,0.0,0.0,0.0,0.0,0.0,0.0,0.0
4569382,Jordan Whittington,LAR,WR,8,1.98,ACTIVE,0,0,,,0.0,1.98,0.0,0.0,0.0,0.0,0.0,0.0,0.0,0.0,0.0,0.0,0.0,0.0,0.0,0.0,0.0
4690923,Ben Sinnott,WSH,TE,12,0.55,ACTIVE,0,0,,,0.0,0.55,0.0,0.0,0.0,0.0,0.0,0.0,0.0,0.0,0.0,0.0,0.0,0.0,0.0,0.0,0.0
4608810,Tez Johnson,TB,WR,9,0.87,ACTIVE,0,0,,,0.0,0.87,0.0,0.0,0.0,0.0,0.0,0.0,0.0,0.0,0.0,0.0,0.0,0.0,0.0,0.0,0.0
4429121,Kalel Mullings,TEN,RB,10,1.66,QUESTIONABLE,0,0,,,0.0,1.66,0.0,0.0,0.0,0.0,0.0,0.0,0.0,0.0,0.0,0.0,0.0,0.0,0.0,0.0,0.0
4372414,Elijah Moore,BUF,WR,7,0.0,ACTIVE,0,0,,,0.0,0.0,0.0,0.0,0.0,0.0,0.0,0.0,0.0,0.0,0.0,0.0,0.0,0.0,0.0,0.0,0.0
4362478,Emari Demercado,ARI,RB,8,1.22,ACTIVE,0,0,,,0.0,1.22,0.0,0.0,0.0,0.0,0.0,0.0,0.0,0.0,0.0,0.0,0.0,0.0,0.0,0.0,0.0
3127292,Will Dissly,LAC,TE,12,3.59,ACTIVE,0,0,,,0.0,3.59,0.0,0.0,0.0,0.0,0.0,0.0,0.0,0.0,0.0,0.0,0.0,0.0,0.0,0.0,0.0
4212909,David Moore,CAR,WR,14,0.54,ACTIVE,0,0,,,0.0,0.54,0.0,0.0,0.0,0.0,0.0,0.0,0.0,0.0,0.0,0.0,0.0,0.0,0.0,0.0,0.0
4037235,Greg Dortch,ARI,WR,8,3.49,ACTIVE,0,0,,,0.0,3.49,0.0,0.0,0.0,0.0,0.0,0.0,0.0,0.0,0.0,0.0,0.0,0.0,0.0,0.0,0.0
4686728,Gunnar Helm,TEN,TE,10,2.42,ACTIVE,0,0,,,0.0,2.42,0.0,0.0,0.0,0.0,0.0,0.0,0.0,0.0,0.0,0.0,0.0,0.0,0.0,0.0,0.0
4602667,Jaylin Lane,WSH,WR,12,0.0,ACTIVE,0,0,,,0.0,0.0,0.0,0.0,0.0,0.0,0.0,0.0,0.0,0.0,0.0,0.0,0.0,0.0,0.0,0.0,0.0
4428678,Jamari Thrash,CLE,WR,9,1.51,ACTIVE,0,0,,,0.0,1.51,0.0,0.0,0.0,0.0,0.0,0.0,0.0,0.0,0.0,0.0,0.0,0.0,0.0,0.0,0.0
3915486,Tyler Conklin,LAC,TE,12,3.14,ACTIVE,0,0,,,0.0,3.14,0.0,0.0,0.0,0.0,0.0,0.0,0.0,0.0,0.0,0.0,0.0,0.0,0.0,0.0,0.0
4678008,Jonathon Brooks,CAR,RB,14,0.0,OUT,0,0,,,0.0,0.0,0.0,0.0,0.0,0.0,0.0,0.0,0.0,0.0,0.0,0.0,0.0,0.0,0.0,0.0,0.0
4428850,Dontayvion Wicks,GB,WR,5,2.81,QUESTIONABLE,0,0,,,0.0,2.81,0.0,0.0,0.0,0.0,0.0,0.0,0.0,0.0,0.0,0.0,0.0,0.0,0.0,0.0,0.0
4567096,John Metchie III,PHI,WR,9,0.7,ACTIVE,0,0,,,0.0,0.7,0.0,0.0,0.0,0.0,0.0,0.0,0.0,0.0,0.0,0.0,0.0,0.0,0.0,0.0,0.0
16760,Jimmy Garoppolo,LAR,QB,8,0.0,ACTIVE,0,0,,,0.0,0.0,0.0,0.0,0.0,0.0,0.0,0.0,0.0,0.0,0.0,0.0,0.0,0.0,0.0,0.0,0.0
4430802,Darnell Washington,PIT,TE,5,0.59,ACTIVE,0,0,,,0.0,0.59,0.0,0.0,0.0,0.0,0.0,0.0,0.0,0.0,0.0,0.0,0.0,0.0,0.0,0.0,0.0
2983509,Dare Ogunbowale,HOU,RB,6,3.03,ACTIVE,0,0,,,0.0,3.03,0.0,0.0,0.0,0.0,0.0,0.0,0.0,0.0,0.0,0.0,0.0,0.0,0.0,0.0,0.0
4595342,Oronde Gadsden II,LAC,TE,12,0.98,OUT,0,0,,,0.0,0.98,0.0,0.0,0.0,0.0,0.0,0.0,0.0,0.0,0.0,0.0,0.0,0.0,0.0,0.0,0.0
4360698,Joe Milton III,DAL,QB,10,0.0,ACTIVE,0,0,,,0.0,0.0,0.0,0.0,0.0,0.0,0.0,0.0,0.0,0.0,0.0,0.0,0.0,0.0,0.0,0.0,0.0
4242431,Ty Chandler,MIN,RB,6,1.2,ACTIVE,0,0,,,0.0,1.2,0.0,0.0,0.0,0.0,0.0,0.0,0.0,0.0,0.0,0.0,0.0,0.0,0.0,0.0,0.0
2976592,Sterling Shepard,TB,WR,9,3.06,ACTIVE,0,0,,,0.0,3.06,0.0,0.0,0.0,0.0,0.0,0.0,0.0,0.0,0.0,0.0,0.0,0.0,0.0,0.0,0.0
4360405,Jake Bobo,SEA,WR,8,0.51,OUT,0,0,,,0.0,0.51,0.0,0.0,0.0,0.0,0.0,0.0,0.0,0.0,0.0,0.0,0.0,0.0,0.0,0.0,0.0
3122840,Deshaun Watson,CLE,QB,9,0.0,OUT,0,0,,,0.0,0.0,0.0,0.0,0.0,0.0,0.0,0.0,0.0,0.0,0.0,0.0,0.0,0.0,0.0,0.0,0.0
3121427,Curtis Samuel,BUF,WR,7,0.86,ACTIVE,0,0,,,0.0,0.86,0.0,0.0,0.0,0.0,0.0,0.0,0.0,0.0,0.0,0.0,0.0,0.0,0.0,0.0,0.0
3043275,Austin Hooper,NE,TE,14,1.2,ACTIVE,0,0,,,0.0,1.2,0.0,0.0,0.0,0.0,0.0,0.0,0.0,0.0,0.0,0.0,0.0,0.0,0.0,0.0,0.0
3043116,Demarcus Robinson,SF,WR,14,0.0,SUSPENSION,0,0,,,0.0,0.0,0.0,0.0,0.0,0.0,0.0,0.0,0.0,0.0,0.0,0.0,0.0,0.0,0.0,0.0,0.0
4240703,Kenny Pickett,LV,QB,8,0.0,ACTIVE,0,0,,,0.0,0.0,0.0,0.0,0.0,0.0,0.0,0.0,0.0,0.0,0.0,0.0,0.0,0.0,0.0,0.0,0.0
3917668,Alec Ingold,MIA,RB,12,0.0,ACTIVE,0,0,,,0.0,0.0,0.0,0.0,0.0,0.0,0.0,0.0,0.0,0.0,0.0,0.0,0.0,0.0,0.0,0.0,0.0
4362921,Tyquan Thornton,KC,WR,10,2.28,ACTIVE,0,0,,,0.0,2.28,0.0,0.0,0.0,0.0,0.0,0.0,0.0,0.0,0.0,0.0,0.0,0.0,0.0,0.0,0.0
4692590,Jalin Hyatt,NYG,WR,14,0.61,ACTIVE,0,0,,,0.0,0.61,0.0,0.0,0.0,0.0,0.0,0.0,0.0,0.0,0.0,0.0,0.0,0.0,0.0,0.0,0.0
4685397,Jordan James,SF,RB,14,0.47,DOUBTFUL,0,0,,,0.0,0.47,0.0,0.0,0.0,0.0,0.0,0.0,0.0,0.0,0.0,0.0,0.0,0.0,0.0,0.0,0.0
4362477,Derius Davis,LAC,WR,12,0.46,ACTIVE,0,0,,,0.0,0.46,0.0,0.0,0.0,0.0,0.0,0.0,0.0,0.0,0.0,0.0,0.0,0.0,0.0,0.0,0.0
4430191,Skyy Moore,SF,WR,14,1.12,ACTIVE,0,0,,,0.0,1.12,0.0,0.0,0.0,0.0,0.0,0.0,0.0,0.0,0.0,0.0,0.0,0.0,0.0,0.0,0.0
3127586,Jeremy McNichols,WSH,RB,12,0.95,ACTIVE,0,0,,,0.0,0.95,0.0,0.0,0.0,0.0,0.0,0.0,0.0,0.0,0.0,0.0,0.0,0.0,0.0,0.0,0.0
4686422,Xavier Hutchinson,HOU,WR,6,0.0,ACTIVE,0,0,,,0.0,0.0,0.0,0.0,0.0,0.0,0.0,0.0,0.0,0.0,0.0,0.0,0.0,0.0,0.0,0.0,0.0
4431487,Savion Williams,GB,WR,5,0.77,QUESTIONABLE,0,0,,,0.0,0.77,0.0,0.0,0.0,0.0,0.0,0.0,0.0,0.0,0.0,0.0,0.0,0.0,0.0,0.0,0.0
4429955,Will Howard,PIT,QB,5,0.0,INJURY_RESERVE,0,0,,,0.0,0.0,0.0,0.0,0.0,0.0,0.0,0.0,0.0,0.0,0.0,0.0,0.0,0.0,0.0,0.0,0.0
4429033,Jermaine Burton,CIN,WR,10,0.53,OUT,0,0,,,0.0,0.53,0.0,0.0,0.0,0.0,0.0,0.0,0.0,0.0,0.0,0.0,0.0,0.0,0.0,0.0,0.0
2991662,Mack Hollins,NE,WR,14,1.2,ACTIVE,0,0,,,0.0,1.2,0.0,0.0,0.0,0.0,0.0,0.0,0.0,0.0,0.0,0.0,0.0,0.0,0.0,0.0,0.0
3051738,Marquez Valdes-Scantling,SF,WR,14,0.83,ACTIVE,0,0,,,0.0,0.83,0.0,0.0,0.0,0.0,0.0,0.0,0.0,0.0,0.0,0.0,0.0,0.0,0.0,0.0,0.0
4383396,Hunter Luepke,DAL,RB,10,0.0,ACTIVE,0,0,,,0.0,0.0,0.0,0.0,0.0,0.0,0.0,0.0,0.0,0.0,0.0,0.0,0.0,0.0,0.0,0.0,0.0
2973405,Kalif Raymond,DET,WR,8,1.69,ACTIVE,0,0,,,0.0,1.69,0.0,0.0,0.0,0.0,0.0,0.0,0.0,0.0,0.0,0.0,0.0,0.0,0.0,0.0,0.0
3116407,Mason Rudolph,PIT,QB,5,0.0,ACTIVE,0,0,,,0.0,0.0,0.0,0.0,0.0,0.0,0.0,0.0,0.0,0.0,0.0,0.0,0.0,0.0,0.0,0.0,0.0
4372096,Luke Schoonmaker,DAL,TE,10,1.9,ACTIVE,0,0,,,0.0,1.9,0.0,0.0,0.0,0.0,0.0,0.0,0.0,0.0,0.0,0.0,0.0,0.0,0.0,0.0,0.0
3134353,Tim Patrick,JAX,WR,8,0.0,ACTIVE,0,0,,,0.0,0.0,0.0,0.0,0.0,0.0,0.0,0.0,0.0,0.0,0.0,0.0,0.0,0.0,0.0,0.0,0.0
4038524,Gardner Minshew,KC,QB,10,0.0,ACTIVE,0,0,,,0.0,0.0,0.0,0.0,0.0,0.0,0.0,0.0,0.0,0.0,0.0,0.0,0.0,0.0,0.0,0.0,0.0
4426496,Cade Stover,HOU,TE,6,2.91,ACTIVE,0,0,,,0.0,2.91,0.0,0.0,0.0,0.0,0.0,0.0,0.0,0.0,0.0,0.0,0.0,0.0,0.0,0.0,0.0
4434153,Tyson Bagent,CHI,QB,5,0.0,ACTIVE,0,0,,,0.0,0.0,0.0,0.0,0.0,0.0,0.0,0.0,0.0,0.0,0.0,0.0,0.0,0.0,0.0,0.0,0.0
4241374,Grant Calcaterra,PHI,TE,9,0.46,ACTIVE,0,0,,,0.0,0.46,0.0,0.0,0.0,0.0,0.0,0.0,0.0,0.0,0.0,0.0,0.0,0.0,0.0,0.0,0.0
2573079,Carson Wentz,MIN,QB,6,0.0,ACTIVE,0,0,,,0.0,0.0,0.0,0.0,0.0,0.0,0.0,0.0,0.0,0.0,0.0,0.0,0.0,0.0,0.0,0.0,0.0
4715355,Darius Cooper,PHI,WR,9,0.0,ACTIVE,0,0,,,0.0,0.0,0.0,0.0,0.0,0.0,0.0,0.0,0.0,0.0,0.0,0.0,0.0,0.0,0.0,0.0,0.0
3921690,Josh Oliver,MIN,TE,6,2.32,ACTIVE,0,0,,,0.0,2.32,0.0,0.0,0.0,0.0,0.0,0.0,0.0,0.0,0.0,0.0,0.0,0.0,0.0,0.0,0.0
3045138,Mike Williams,LAC,WR,12,0.0,OUT,0,0,,,0.0,0.0,0.0,0.0,0.0,0.0,0.0,0.0,0.0,0.0,0.0,0.0,0.0,0.0,0.0,0.0,0.0
3123075,Braxton Berrios,HOU,WR,6,0.0,OUT,0,0,,,0.0,0.0,0.0,0.0,0.0,0.0,0.0,0.0,0.0,0.0,0.0,0.0,0.0,0.0,0.0,0.0,0.0
4242512,Malik Willis,GB,QB,5,0.0,ACTIVE,0,0,,,0.0,0.0,0.0,0.0,0.0,0.0,0.0,0.0,0.0,0.0,0.0,0.0,0.0,0.0,0.0,0.0,0.0
4432620,Parker Washington,JAX,WR,8,1.09,ACTIVE,0,0,,,0.0,1.09,0.0,0.0,0.0,0.0,0.0,0.0,0.0,0.0,0.0,0.0,0.0,0.0,0.0,0.0,0.0
4421446,Craig Reynolds,DET,RB,8,0.49,ACTIVE,0,0,,,0.0,0.49,0.0,0.0,0.0,0.0,0.0,0.0,0.0,0.0,0.0,0.0,0.0,0.0,0.0,0.0,0.0
4372716,Nikko Remigio,KC,WR,10,0.0,ACTIVE,0,0,,,0.0,0.0,0.0,0.0,0.0,0.0,0.0,0.0,0.0,0.0,0.0,0.0,0.0,0.0,0.0,0.0,0.0
4565185,Tai Felton,MIN,WR,6,1.39,ACTIVE,0,0,,,0.0,1.39,0.0,0.0,0.0,0.0,0.0,0.0,0.0,0.0,0.0,0.0,0.0,0.0,0.0,0.0,0.0
4242392,Brock Wright,DET,TE,8,0.0,ACTIVE,0,0,,,0.0,0.0,0.0,0.0,0.0,0.0,0.0,0.0,0.0,0.0,0.0,0.0,0.0,0.0,0.0,0.0,0.0
3886812,Jake Browning,CIN,QB,10,0.0,ACTIVE,0,0,,,0.0,0.0,0.0,0.0,0.0,0.0,0.0,0.0,0.0,0.0,0.0,0.0,0.0,0.0,0.0,0.0,0.0
4889929,Quinn Ewers,MIA,QB,12,0.0,OUT,0,0,,,0.0,0.0,0.0,0.0,0.0,0.0,0.0,0.0,0.0,0.0,0.0,0.0,0.0,0.0,0.0,0.0,0.0
4365395,Julian Hill,MIA,TE,12,1.54,ACTIVE,0,0,,,0.0,1.54,0.0,0.0,0.0,0.0,0.0,0.0,0.0,0.0,0.0,0.0,0.0,0.0,0.0,0.0,0.0
4690143,LaJohntay Wester,BAL,WR,7,0.0,ACTIVE,0,0,,,0.0,0.0,0.0,0.0,0.0,0.0,0.0,0.0,0.0,0.0,0.0,0.0,0.0,0.0,0.0,0.0,0.0
4685201,Tanner McKee,PHI,QB,9,0.0,OUT,0,0,,,0.0,0.0,0.0,0.0,0.0,0.0,0.0,0.0,0.0,0.0,0.0,0.0,0.0,0.0,0.0,0.0,0.0
4048244,Alexander Mattison,MIA,RB,12,0.0,INJURY_RESERVE,0,0,,,0.0,0.0,0.0,0.0,0.0,0.0,0.0,0.0,0.0,0.0,0.0,0.0,0.0,0.0,0.0,0.0,0.0
4372780,Tommy Tremble,CAR,TE,14,1.94,ACTIVE,0,0,,,0.0,1.94,0.0,0.0,0.0,0.0,0.0,0.0,0.0,0.0,0.0,0.0,0.0,0.0,0.0,0.0,0.0
4241476,Tyrell Shavers,BUF,WR,7,0.0,ACTIVE,0,0,,,0.0,0.0,0.0,0.0,0.0,0.0,0.0,0.0,0.0,0.0,0.0,0.0,0.0,0.0,0.0,0.0,0.0
4429676,Tyler Goodson,IND,RB,11,0.22,OUT,0,0,,,0.0,0.22,0.0,0.0,0.0,0.0,0.0,0.0,0.0,0.0,0.0,0.0,0.0,0.0,0.0,0.0,0.0
4259553,Stetson Bennett IV,LAR,QB,8,0.0,ACTIVE,0,0,,,0.0,0.0,0.0,0.0,0.0,0.0,0.0,0.0,0.0,0.0,0.0,0.0,0.0,0.0,0.0,0.0,0.0
3911853,Adam Trautman,DEN,TE,12,1.86,ACTIVE,0,0,,,0.0,1.86,0.0,0.0,0.0,0.0,0.0,0.0,0.0,0.0,0.0,0.0,0.0,0.0,0.0,0.0,0.0
4240391,Tommy DeVito,NE,QB,14,0.0,OUT,0,0,,,0.0,0.0,0.0,0.0,0.0,0.0,0.0,0.0,0.0,0.0,0.0,0.0,0.0,0.0,0.0,0.0,0.0
3044720,Joshua Dobbs,NE,QB,14,0.0,ACTIVE,0,0,,,0.0,0.0,0.0,0.0,0.0,0.0,0.0,0.0,0.0,0.0,0.0,0.0,0.0,0.0,0.0,0.0,0.0
4431466,Jordan Watkins,SF,WR,14,0.0,DOUBTFUL,0,0,,,0.0,0.0,0.0,0.0,0.0,0.0,0.0,0.0,0.0,0.0,0.0,0.0,0.0,0.0,0.0,0.0,0.0
2576980,Marcus Mariota,WSH,QB,12,0.0,ACTIVE,0,0,,,0.0,0.0,0.0,0.0,0.0,0.0,0.0,0.0,0.0,0.0,0.0,0.0,0.0,0.0,0.0,0.0,0.0
4361259,Zach Wilson,MIA,QB,12,0.0,ACTIVE,0,0,,,0.0,0.0,0.0,0.0,0.0,0.0,0.0,0.0,0.0,0.0,0.0,0.0,0.0,0.0,0.0,0.0,0.0
4431268,Chimere Dike,TEN,WR,10,2.05,ACTIVE,0,0,,,0.0,2.05,0.0,0.0,0.0,0.0,0.0,0.0,0.0,0.0,0.0,0.0,0.0,0.0,0.0,0.0,0.0
4426844,Elijah Higgins,ARI,TE,8,1.43,ACTIVE,0,0,,,0.0,1.43,0.0,0.0,0.0,0.0,0.0,0.0,0.0,0.0,0.0,0.0,0.0,0.0,0.0,0.0,0.0
16728,Teddy Bridgewater,TB,QB,9,0.0,ACTIVE,0,0,,,0.0,0.0,0.0,0.0,0.0,0.0,0.0,0.0,0.0,0.0,0.0,0.0,0.0,0.0,0.0,0.0,0.0
2972515,Cooper Rush,BAL,QB,7,0.0,ACTIVE,0,0,,,0.0,0.0,0.0,0.0,0.0,0.0,0.0,0.0,0.0,0.0,0.0,0.0,0.0,0.0,0.0,0.0,0.0
3059722,Zay Jones,ARI,WR,8,1.48,ACTIVE,0,0,,,0.0,1.48,0.0,0.0,0.0,0.0,0.0,0.0,0.0,0.0,0.0,0.0,0.0,0.0,0.0,0.0,0.0
3039707,Mitchell Trubisky,BUF,QB,7,0.0,ACTIVE,0,0,,,0.0,0.0,0.0,0.0,0.0,0.0,0.0,0.0,0.0,0.0,0.0,0.0,0.0,0.0,0.0,0.0,0.0
5160110,Jahdae Walker,CHI,WR,5,0.0,ACTIVE,0,0,,,0.0,0.0,0.0,0.0,0.0,0.0,0.0,0.0,0.0,0.0,0.0,0.0,0.0,0.0,0.0,0.0,0.0
4683243,Mitchell Evans,CAR,TE,14,1.07,ACTIVE,0,0,,,0.0,1.07,0.0,0.0,0.0,0.0,0.0,0.0,0.0,0.0,0.0,0.0,0.0,0.0,0.0,0.0,0.0
4429105,Arian Smith,NYJ,WR,9,0.79,ACTIVE,0,0,,,0.0,0.79,0.0,0.0,0.0,0.0,0.0,0.0,0.0,0.0,0.0,0.0,0.0,0.0,0.0,0.0,0.0
4426485,Jonathan Mingo,DAL,WR,10,0.0,INJURY_RESERVE,0,0,,,0.0,0.0,0.0,0.0,0.0,0.0,0.0,0.0,0.0,0.0,0.0,0.0,0.0,0.0,0.0,0.0,0.0
4426875,Sam Howell,PHI,QB,9,0.0,ACTIVE,0,0,,,0.0,0.0,0.0,0.0,0.0,0.0,0.0,0.0,0.0,0.0,0.0,0.0,0.0,0.0,0.0,0.0,0.0
4048228,John Bates,WSH,TE,12,0.92,ACTIVE,0,0,,,0.0,0.92,0.0,0.0,0.0,0.0,0.0,0.0,0.0,0.0,0.0,0.0,0.0,0.0,0.0,0.0,0.0
4241464,Mac Jones,SF,QB,14,0.0,ACTIVE,0,0,,,0.0,0.0,0.0,0.0,0.0,0.0,0.0,0.0,0.0,0.0,0.0,0.0,0.0,0.0,0.0,0.0,0.0
4431562,Phil Mafah,DAL,RB,10,0.0,INJURY_RESERVE,0,0,,,0.0,0.0,0.0,0.0,0.0,0.0,0.0,0.0,0.0,0.0,0.0,0.0,0.0,0.0,0.0,0.0,0.0
4243371,Riley Patterson,MIA,K,12,7.56,ACTIVE,0,0,,,0.0,7.56,0.0,0.0,0.0,0.0,0.0,0.0,0.0,0.0,0.0,0.0,0.0,0.0,0.0,0.0,0.0
4911851,LeQuint Allen Jr.,JAX,RB,8,0.54,ACTIVE,0,0,,,0.0,0.54,0.0,0.0,0.0,0.0,0.0,0.0,0.0,0.0,0.0,0.0,0.0,0.0,0.0,0.0,0.0
4361516,Daniel Bellinger,NYG,TE,14,1.36,ACTIVE,0,0,,,0.0,1.36,0.0,0.0,0.0,0.0,0.0,0.0,0.0,0.0,0.0,0.0,0.0,0.0,0.0,0.0,0.0
14163,Tyrod Taylor,NYJ,QB,9,0.0,ACTIVE,0,0,,,0.0,0.0,0.0,0.0,0.0,0.0,0.0,0.0,0.0,0.0,0.0,0.0,0.0,0.0,0.0,0.0,0.0
3914397,Scotty Miller,PIT,WR,5,0.0,ACTIVE,0,0,,,0.0,0.0,0.0,0.0,0.0,0.0,0.0,0.0,0.0,0.0,0.0,0.0,0.0,0.0,0.0,0.0,0.0
4696882,Devontez Walker,BAL,WR,7,0.59,ACTIVE,0,0,,,0.0,0.59,0.0,0.0,0.0,0.0,0.0,0.0,0.0,0.0,0.0,0.0,0.0,0.0,0.0,0.0,0.0
4012556,C.J. Ham,MIN,RB,6,0.0,INJURY_RESERVE,0,0,,,0.0,0.0,0.0,0.0,0.0,0.0,0.0,0.0,0.0,0.0,0.0,0.0,0.0,0.0,0.0,0.0,0.0
4430637,Ja'Lynn Polk,NE,WR,14,0.0,INJURY_RESERVE,0,0,,,0.0,0.0,0.0,0.0,0.0,0.0,0.0,0.0,0.0,0.0,0.0,0.0,0.0,0.0,0.0,0.0,0.0
3892775,Jarrett Stidham,DEN,QB,12,0.0,ACTIVE,0,0,,,0.0,0.0,0.0,0.0,0.0,0.0,0.0,0.0,0.0,0.0,0.0,0.0,0.0,0.0,0.0,0.0,0.0
4429835,George Holani,SEA,RB,8,1.34,ACTIVE,0,0,,,0.0,1.34,0.0,0.0,0.0,0.0,0.0,0.0,0.0,0.0,0.0,0.0,0.0,0.0,0.0,0.0,0.0
4431210,Beaux Collins,NYG,WR,14,0.0,ACTIVE,0,0,,,0.0,0.0,0.0,0.0,0.0,0.0,0.0,0.0,0.0,0.0,0.0,0.0,0.0,0.0,0.0,0.0,0.0
4683423,Riley Leonard,IND,QB,11,0.0,OUT,0,0,,,0.0,0.0,0.0,0.0,0.0,0.0,0.0,0.0,0.0,0.0,0.0,0.0,0.0,0.0,0.0,0.0,0.0
4690013,Rasheen Ali,BAL,RB,7,0.0,ACTIVE,0,0,,,0.0,0.0,0.0,0.0,0.0,0.0,0.0,0.0,0.0,0.0,0.0,0.0,0.0,0.0,0.0,0.0,0.0
4361418,Will Levis,TEN,QB,10,0.0,INJURY_RESERVE,0,0,,,0.0,0.0,0.0,0.0,0.0,0.0,0.0,0.0,0.0,0.0,0.0,0.0,0.0,0.0,0.0,0.0,0.0
4383351,Trey Lance,LAC,QB,12,0.0,ACTIVE,0,0,,,0.0,0.0,0.0,0.0,0.0,0.0,0.0,0.0,0.0,0.0,0.0,0.0,0.0,0.0,0.0,0.0,0.0
4241263,Charlie Kolar,BAL,TE,7,0.79,ACTIVE,0,0,,,0.0,0.79,0.0,0.0,0.0,0.0,0.0,0.0,0.0,0.0,0.0,0.0,0.0,0.0,0.0,0.0,0.0
4257188,Charlie Jones,CIN,WR,10,0.28,ACTIVE,0,0,,,0.0,0.28,0.0,0.0,0.0,0.0,0.0,0.0,0.0,0.0,0.0,0.0,0.0,0.0,0.0,0.0,0.0
14012,Andy Dalton,CAR,QB,14,0.0,ACTIVE,0,0,,,0.0,0.0,0.0,0.0,0.0,0.0,0.0,0.0,0.0,0.0,0.0,0.0,0.0,0.0,0.0,0.0,0.0
3843945,Foster Moreau,NO,TE,11,0.0,OUT,0,0,,,0.0,0.0,0.0,0.0,0.0,0.0,0.0,0.0,0.0,0.0,0.0,0.0,0.0,0.0,0.0,0.0,0.0
4362748,Tyler Badie,DEN,RB,12,4.22,ACTIVE,0,0,,,0.0,4.22,0.0,0.0,0.0,0.0,0.0,0.0,0.0,0.0,0.0,0.0,0.0,0.0,0.0,0.0,0.0
3115293,Kyle Allen,DET,QB,8,0.0,ACTIVE,0,0,,,0.0,0.0,0.0,0.0,0.0,0.0,0.0,0.0,0.0,0.0,0.0,0.0,0.0,0.0,0.0,0.0,0.0
4039050,Devin Duvernay,CHI,WR,5,0.44,ACTIVE,0,0,,,0.0,0.44,0.0,0.0,0.0,0.0,0.0,0.0,0.0,0.0,0.0,0.0,0.0,0.0,0.0,0.0,0.0
4601080,Raheim Sanders,CLE,RB,9,0.32,ACTIVE,0,0,,,0.0,0.32,0.0,0.0,0.0,0.0,0.0,0.0,0.0,0.0,0.0,0.0,0.0,0.0,0.0,0.0,0.0
4372485,Rondale Moore,MIN,WR,6,0.0,INJURY_RESERVE,0,0,,,0.0,0.0,0.0,0.0,0.0,0.0,0.0,0.0,0.0,0.0,0.0,0.0,0.0,0.0,0.0,0.0,0.0
3047876,KhaDarel Hodge,ATL,WR,5,0.89,ACTIVE,0,0,,,0.0,0.89,0.0,0.0,0.0,0.0,0.0,0.0,0.0,0.0,0.0,0.0,0.0,0.0,0.0,0.0,0.0
2975417,Patrick Ricard,BAL,RB,7,0.0,OUT,0,0,,,0.0,0.0,0.0,0.0,0.0,0.0,0.0,0.0,0.0,0.0,0.0,0.0,0.0,0.0,0.0,0.0,0.0
4040612,Luke Farrell,SF,TE,14,0.66,ACTIVE,0,0,,,0.0,0.66,0.0,0.0,0.0,0.0,0.0,0.0,0.0,0.0,0.0,0.0,0.0,0.0,0.0,0.0,0.0
3924327,Drew Lock,SEA,QB,8,0.0,ACTIVE,0,0,,,0.0,0.0,0.0,0.0,0.0,0.0,0.0,0.0,0.0,0.0,0.0,0.0,0.0,0.0,0.0,0.0,0.0
4241424,Tylan Wallace,BAL,WR,7,0.56,ACTIVE,0,0,,,0.0,0.56,0.0,0.0,0.0,0.0,0.0,0.0,0.0,0.0,0.0,0.0,0.0,0.0,0.0,0.0,0.0
2998565,Mo Alie-Cox,IND,TE,11,0.41,ACTIVE,0,0,,,0.0,0.41,0.0,0.0,0.0,0.0,0.0,0.0,0.0,0.0,0.0,0.0,0.0,0.0,0.0,0.0,0.0
4426407,Trey Palmer,NO,WR,11,0.0,OUT,0,0,,,0.0,0.0,0.0,0.0,0.0,0.0,0.0,0.0,0.0,0.0,0.0,0.0,0.0,0.0,0.0,0.0,0.0
4808830,Damien Martinez,SEA,RB,8,0.0,ACTIVE,0,0,,,0.0,0.0,0.0,0.0,0.0,0.0,0.0,0.0,0.0,0.0,0.0,0.0,0.0,0.0,0.0,0.0,0.0
4361372,Jeremy Ruckert,NYJ,TE,9,2.64,ACTIVE,0,0,,,0.0,2.64,0.0,0.0,0.0,0.0,0.0,0.0,0.0,0.0,0.0,0.0,0.0,0.0,0.0,0.0,0.0
4366963,Dylan Laube,LV,RB,8,0.0,ACTIVE,0,0,,,0.0,0.0,0.0,0.0,0.0,0.0,0.0,0.0,0.0,0.0,0.0,0.0,0.0,0.0,0.0,0.0,0.0
4686104,Johnny Wilson,PHI,WR,9,0.0,INJURY_RESERVE,0,0,,,0.0,0.0,0.0,0.0,0.0,0.0,0.0,0.0,0.0,0.0,0.0,0.0,0.0,0.0,0.0,0.0,0.0
4596439,Dominic Lovett,DET,WR,8,0.0,ACTIVE,0,0,,,0.0,0.0,0.0,0.0,0.0,0.0,0.0,0.0,0.0,0.0,0.0,0.0,0.0,0.0,0.0,0.0,0.0
16757,Derek Carr,NO,QB,11,0.0,QUESTIONABLE,0,0,,,0.0,0.0,0.0,0.0,0.0,0.0,0.0,0.0,0.0,0.0,0.0,0.0,0.0,0.0,0.0,0.0,0.0
4689334,Malik Heath,GB,WR,5,0.25,ACTIVE,0,0,,,0.0,0.25,0.0,0.0,0.0,0.0,0.0,0.0,0.0,0.0,0.0,0.0,0.0,0.0,0.0,0.0,0.0
4039160,Kylen Granson,PHI,TE,9,0.39,ACTIVE,0,0,,,0.0,0.39,0.0,0.0,0.0,0.0,0.0,0.0,0.0,0.0,0.0,0.0,0.0,0.0,0.0,0.0,0.0
4372071,Hassan Haskins,LAC,RB,12,3.22,ACTIVE,0,0,,,0.0,3.22,0.0,0.0,0.0,0.0,0.0,0.0,0.0,0.0,0.0,0.0,0.0,0.0,0.0,0.0,0.0
4691688,Robbie Ouzts,SEA,RB,8,0.0,ACTIVE,0,0,,,0.0,0.0,0.0,0.0,0.0,0.0,0.0,0.0,0.0,0.0,0.0,0.0,0.0,0.0,0.0,0.0,0.0
4372505,Payne Durham,TB,TE,9,1.18,ACTIVE,0,0,,,0.0,1.18,0.0,0.0,0.0,0.0,0.0,0.0,0.0,0.0,0.0,0.0,0.0,0.0,0.0,0.0,0.0
3127310,Drew Sample,CIN,TE,10,1.3,ACTIVE,0,0,,,0.0,1.3,0.0,0.0,0.0,0.0,0.0,0.0,0.0,0.0,0.0,0.0,0.0,0.0,0.0,0.0,0.0
4037457,Travis Homer,CHI,RB,5,0.0,INJURY_RESERVE,0,0,,,0.0,0.0,0.0,0.0,0.0,0.0,0.0,0.0,0.0,0.0,0.0,0.0,0.0,0.0,0.0,0.0,0.0
4912274,Sione Vaki,DET,RB,8,0.32,OUT,0,0,,,0.0,0.32,0.0,0.0,0.0,0.0,0.0,0.0,0.0,0.0,0.0,0.0,0.0,0.0,0.0,0.0,0.0
4575665,Jacob Cowing,SF,WR,14,0.0,INJURY_RESERVE,0,0,,,0.0,0.0,0.0,0.0,0.0,0.0,0.0,0.0,0.0,0.0,0.0,0.0,0.0,0.0,0.0,0.0,0.0
4242557,Colby Parkinson,LAR,TE,8,1.41,ACTIVE,0,0,,,0.0,1.41,0.0,0.0,0.0,0.0,0.0,0.0,0.0,0.0,0.0,0.0,0.0,0.0,0.0,0.0,0.0
4567156,Treylon Burks,TEN,WR,10,0.0,INJURY_RESERVE,0,0,,,0.0,0.0,0.0,0.0,0.0,0.0,0.0,0.0,0.0,0.0,0.0,0.0,0.0,0.0,0.0,0.0,0.0
4427278,Xavier Gipson,NYJ,WR,9,0.7,ACTIVE,0,0,,,0.0,0.7,0.0,0.0,0.0,0.0,0.0,0.0,0.0,0.0,0.0,0.0,0.0,0.0,0.0,0.0,0.0
3122168,Trent Sherfield Sr.,DEN,WR,12,0.0,ACTIVE,0,0,,,0.0,0.0,0.0,0.0,0.0,0.0,0.0,0.0,0.0,0.0,0.0,0.0,0.0,0.0,0.0,0.0,0.0
2580216,DeAndre Carter,CLE,WR,9,1.68,ACTIVE,0,0,,,0.0,1.68,0.0,0.0,0.0,0.0,0.0,0.0,0.0,0.0,0.0,0.0,0.0,0.0,0.0,0.0,0.0
4035656,Ben Skowronek,PIT,WR,5,0.0,ACTIVE,0,0,,,0.0,0.0,0.0,0.0,0.0,0.0,0.0,0.0,0.0,0.0,0.0,0.0,0.0,0.0,0.0,0.0,0.0
4568024,Josh Williams,TB,RB,9,0.0,OUT,0,0,,,0.0,0.0,0.0,0.0,0.0,0.0,0.0,0.0,0.0,0.0,0.0,0.0,0.0,0.0,0.0,0.0,0.0
4590292,Thomas Fidone II,NYG,TE,14,0.0,OUT,0,0,,,0.0,0.0,0.0,0.0,0.0,0.0,0.0,0.0,0.0,0.0,0.0,0.0,0.0,0.0,0.0,0.0,0.0
4430723,Jared Wiley,KC,TE,10,0.27,OUT,0,0,,,0.0,0.27,0.0,0.0,0.0,0.0,0.0,0.0,0.0,0.0,0.0,0.0,0.0,0.0,0.0,0.0,0.0
4708049,Gavin Bartholomew,MIN,TE,6,0.0,OUT,0,0,,,0.0,0.0,0.0,0.0,0.0,0.0,0.0,0.0,0.0,0.0,0.0,0.0,0.0,0.0,0.0,0.0,0.0
2578570,Jacoby Brissett,ARI,QB,8,0.0,ACTIVE,0,0,,,0.0,0.0,0.0,0.0,0.0,0.0,0.0,0.0,0.0,0.0,0.0,0.0,0.0,0.0,0.0,0.0,0.0
4260394,Aidan O'Connell,LV,QB,8,0.0,INJURY_RESERVE,0,0,,,0.0,0.0,0.0,0.0,0.0,0.0,0.0,0.0,0.0,0.0,0.0,0.0,0.0,0.0,0.0,0.0,0.0
4035020,Charlie Woerner,ATL,TE,5,1.2,ACTIVE,0,0,,,0.0,1.2,0.0,0.0,0.0,0.0,0.0,0.0,0.0,0.0,0.0,0.0,0.0,0.0,0.0,0.0,0.0
3052096,Johnny Mundt,JAX,TE,8,1.79,ACTIVE,0,0,,,0.0,1.79,0.0,0.0,0.0,0.0,0.0,0.0,0.0,0.0,0.0,0.0,0.0,0.0,0.0,0.0,0.0
3052897,Durham Smythe,CHI,TE,5,0.42,ACTIVE,0,0,,,0.0,0.42,0.0,0.0,0.0,0.0,0.0,0.0,0.0,0.0,0.0,0.0,0.0,0.0,0.0,0.0,0.0
3118892,Justin Watson,HOU,WR,6,0.0,ACTIVE,0,0,,,0.0,0.0,0.0,0.0,0.0,0.0,0.0,0.0,0.0,0.0,0.0,0.0,0.0,0.0,0.0,0.0,0.0
4573697,Mason Tipton,NO,WR,11,0.0,ACTIVE,0,0,,,0.0,0.0,0.0,0.0,0.0,0.0,0.0,0.0,0.0,0.0,0.0,0.0,0.0,0.0,0.0,0.0,0.0
2574511,Brandon Allen,TEN,QB,10,0.0,ACTIVE,0,0,,,0.0,0.0,0.0,0.0,0.0,0.0,0.0,0.0,0.0,0.0,0.0,0.0,0.0,0.0,0.0,0.0,0.0
4360967,Brevyn Spann-Ford,DAL,TE,10,1.29,ACTIVE,0,0,,,0.0,1.29,0.0,0.0,0.0,0.0,0.0,0.0,0.0,0.0,0.0,0.0,0.0,0.0,0.0,0.0,0.0
4573699,Jackson Hawes,BUF,TE,7,0.65,ACTIVE,0,0,,,0.0,0.65,0.0,0.0,0.0,0.0,0.0,0.0,0.0,0.0,0.0,0.0,0.0,0.0,0.0,0.0,0.0
4241961,Connor Heyward,PIT,TE,5,0.0,ACTIVE,0,0,,,0.0,0.0,0.0,0.0,0.0,0.0,0.0,0.0,0.0,0.0,0.0,0.0,0.0,0.0,0.0,0.0,0.0
4605841,Nathan Carter,ATL,RB,5,0.0,OUT,0,0,,,0.0,0.0,0.0,0.0,0.0,0.0,0.0,0.0,0.0,0.0,0.0,0.0,0.0,0.0,0.0,0.0,0.0
3059989,Nick Mullens,JAX,QB,8,0.0,ACTIVE,0,0,,,0.0,0.0,0.0,0.0,0.0,0.0,0.0,0.0,0.0,0.0,0.0,0.0,0.0,0.0,0.0,0.0,0.0
4242546,Davis Mills,HOU,QB,6,0.0,ACTIVE,0,0,,,0.0,0.0,0.0,0.0,0.0,0.0,0.0,0.0,0.0,0.0,0.0,0.0,0.0,0.0,0.0,0.0,0.0
3050481,Tanner Hudson,CIN,TE,10,0.0,ACTIVE,0,0,,,0.0,0.0,0.0,0.0,0.0,0.0,0.0,0.0,0.0,0.0,0.0,0.0,0.0,0.0,0.0,0.0,0.0
4372070,Ben VanSumeren,PHI,RB,9,0.0,INJURY_RESERVE,0,0,,,0.0,0.0,0.0,0.0,0.0,0.0,0.0,0.0,0.0,0.0,0.0,0.0,0.0,0.0,0.0,0.0,0.0
4360231,Lucas Krull,DEN,TE,12,0.0,ACTIVE,0,0,,,0.0,0.0,0.0,0.0,0.0,0.0,0.0,0.0,0.0,0.0,0.0,0.0,0.0,0.0,0.0,0.0,0.0
2515270,Michael Burton,DEN,RB,12,0.0,INJURY_RESERVE,0,0,,,0.0,0.0,0.0,0.0,0.0,0.0,0.0,0.0,0.0,0.0,0.0,0.0,0.0,0.0,0.0,0.0,0.0
4249030,D.J. Montgomery,IND,WR,11,0.0,INJURY_RESERVE,0,0,,,0.0,0.0,0.0,0.0,0.0,0.0,0.0,0.0,0.0,0.0,0.0,0.0,0.0,0.0,0.0,0.0,0.0
4710855,Konata Mumpfield,LAR,WR,8,0.0,ACTIVE,0,0,,,0.0,0.0,0.0,0.0,0.0,0.0,0.0,0.0,0.0,0.0,0.0,0.0,0.0,0.0,0.0,0.0,0.0
4570561,Eric Gray,NYG,RB,14,0.78,OUT,0,0,,,0.0,0.78,0.0,0.0,0.0,0.0,0.0,0.0,0.0,0.0,0.0,0.0,0.0,0.0,0.0,0.0,0.0
4386544,Xavier Smith,LAR,WR,8,0.16,ACTIVE,0,0,,,0.0,0.16,0.0,0.0,0.0,0.0,0.0,0.0,0.0,0.0,0.0,0.0,0.0,0.0,0.0,0.0,0.0
5083754,Ryan Flournoy,DAL,WR,10,0.0,ACTIVE,0,0,,,0.0,0.0,0.0,0.0,0.0,0.0,0.0,0.0,0.0,0.0,0.0,0.0,0.0,0.0,0.0,0.0,0.0
4608362,Shane Zylstra,DET,TE,8,0.0,ACTIVE,0,0,,,0.0,0.0,0.0,0.0,0.0,0.0,0.0,0.0,0.0,0.0,0.0,0.0,0.0,0.0,0.0,0.0,0.0
4039358,Patrick Taylor Jr.,SF,RB,14,0.0,INJURY_RESERVE,0,0,,,0.0,0.0,0.0,0.0,0.0,0.0,0.0,0.0,0.0,0.0,0.0,0.0,0.0,0.0,0.0,0.0,0.0
4361088,Colson Yankoff,WSH,TE,12,0.0,ACTIVE,0,0,,,0.0,0.0,0.0,0.0,0.0,0.0,0.0,0.0,0.0,0.0,0.0,0.0,0.0,0.0,0.0,0.0,0.0
4427728,Bam Knight,ARI,RB,8,0.0,OUT,0,0,,,0.0,0.0,0.0,0.0,0.0,0.0,0.0,0.0,0.0,0.0,0.0,0.0,0.0,0.0,0.0,0.0,0.0
4424106,Gunner Olszewski,NYG,WR,14,0.0,ACTIVE,0,0,,,0.0,0.0,0.0,0.0,0.0,0.0,0.0,0.0,0.0,0.0,0.0,0.0,0.0,0.0,0.0,0.0,0.0
15168,Case Keenum,CHI,QB,5,0.0,ACTIVE,0,0,,,0.0,0.0,0.0,0.0,0.0,0.0,0.0,0.0,0.0,0.0,0.0,0.0,0.0,0.0,0.0,0.0,0.0
3061612,Jamal Agnew,ATL,WR,5,0.0,ACTIVE,0,0,,,0.0,0.0,0.0,0.0,0.0,0.0,0.0,0.0,0.0,0.0,0.0,0.0,0.0,0.0,0.0,0.0,0.0
4043016,Dee Eskridge,MIA,WR,12,0.0,ACTIVE,0,0,,,0.0,0.0,0.0,0.0,0.0,0.0,0.0,0.0,0.0,0.0,0.0,0.0,0.0,0.0,0.0,0.0,0.0
4427985,Bub Means,NO,WR,11,0.0,INJURY_RESERVE,0,0,,,0.0,0.0,0.0,0.0,0.0,0.0,0.0,0.0,0.0,0.0,0.0,0.0,0.0,0.0,0.0,0.0,0.0
4567506,Tahj Washington,MIA,WR,12,0.0,OUT,0,0,,,0.0,0.0,0.0,0.0,0.0,0.0,0.0,0.0,0.0,0.0,0.0,0.0,0.0,0.0,0.0,0.0,0.0
4045305,Ian Thomas,LV,TE,8,0.54,ACTIVE,0,0,,,0.0,0.54,0.0,0.0,0.0,0.0,0.0,0.0,0.0,0.0,0.0,0.0,0.0,0.0,0.0,0.0,0.0
4039505,Reggie Gilliam,BUF,RB,7,0.0,ACTIVE,0,0,,,0.0,0.0,0.0,0.0,0.0,0.0,0.0,0.0,0.0,0.0,0.0,0.0,0.0,0.0,0.0,0.0,0.0
4036419,Skylar Thompson,PIT,QB,5,0.0,OUT,0,0,,,0.0,0.0,0.0,0.0,0.0,0.0,0.0,0.0,0.0,0.0,0.0,0.0,0.0,0.0,0.0,0.0,0.0
4047422,Tanner Conner,MIA,TE,12,0.0,ACTIVE,0,0,,,0.0,0.0,0.0,0.0,0.0,0.0,0.0,0.0,0.0,0.0,0.0,0.0,0.0,0.0,0.0,0.0,0.0
4239944,Hunter Long,JAX,TE,8,0.34,ACTIVE,0,0,,,0.0,0.34,0.0,0.0,0.0,0.0,0.0,0.0,0.0,0.0,0.0,0.0,0.0,0.0,0.0,0.0,0.0
4250764,Stone Smartt,NYJ,TE,9,0.79,ACTIVE,0,0,,,0.0,0.79,0.0,0.0,0.0,0.0,0.0,0.0,0.0,0.0,0.0,0.0,0.0,0.0,0.0,0.0,0.0
2531358,Chris Manhertz,NYG,TE,14,0.42,ACTIVE,0,0,,,0.0,0.42,0.0,0.0,0.0,0.0,0.0,0.0,0.0,0.0,0.0,0.0,0.0,0.0,0.0,0.0,0.0
4426553,Davis Allen,LAR,TE,8,0.0,ACTIVE,0,0,,,0.0,0.0,0.0,0.0,0.0,0.0,0.0,0.0,0.0,0.0,0.0,0.0,0.0,0.0,0.0,0.0,0.0
4035693,Velus Jones Jr.,NO,RB,11,0.0,ACTIVE,0,0,,,0.0,0.0,0.0,0.0,0.0,0.0,0.0,0.0,0.0,0.0,0.0,0.0,0.0,0.0,0.0,0.0,0.0
4722908,Drew Ogletree,IND,TE,11,0.0,ACTIVE,0,0,,,0.0,0.0,0.0,0.0,0.0,0.0,0.0,0.0,0.0,0.0,0.0,0.0,0.0,0.0,0.0,0.0,0.0
4427391,Kenny McIntosh,SEA,RB,8,0.0,INJURY_RESERVE,0,0,,,0.0,0.0,0.0,0.0,0.0,0.0,0.0,0.0,0.0,0.0,0.0,0.0,0.0,0.0,0.0,0.0,0.0
4689988,Jason Brownlee,KC,WR,10,0.0,ACTIVE,0,0,,,0.0,0.0,0.0,0.0,0.0,0.0,0.0,0.0,0.0,0.0,0.0,0.0,0.0,0.0,0.0,0.0,0.0
4696700,Tip Reiman,ARI,TE,8,1.65,ACTIVE,0,0,,,0.0,1.65,0.0,0.0,0.0,0.0,0.0,0.0,0.0,0.0,0.0,0.0,0.0,0.0,0.0,0.0,0.0
3125107,Andrew Beck,NYJ,RB,9,0.0,ACTIVE,0,0,,,0.0,0.0,0.0,0.0,0.0,0.0,0.0,0.0,0.0,0.0,0.0,0.0,0.0,0.0,0.0,0.0,0.0
2975863,Eric Saubert,SEA,TE,8,0.79,ACTIVE,0,0,,,0.0,0.79,0.0,0.0,0.0,0.0,0.0,0.0,0.0,0.0,0.0,0.0,0.0,0.0,0.0,0.0,0.0
4061956,Ashton Dulin,IND,WR,11,0.41,ACTIVE,0,0,,,0.0,0.41,0.0,0.0,0.0,0.0,0.0,0.0,0.0,0.0,0.0,0.0,0.0,0.0,0.0,0.0,0.0
4428796,Casey Washington,ATL,WR,5,1.51,ACTIVE,0,0,,,0.0,1.51,0.0,0.0,0.0,0.0,0.0,0.0,0.0,0.0,0.0,0.0,0.0,0.0,0.0,0.0,0.0
2975674,Robert Tonyan,KC,TE,10,0.0,ACTIVE,0,0,,,0.0,0.0,0.0,0.0,0.0,0.0,0.0,0.0,0.0,0.0,0.0,0.0,0.0,0.0,0.0,0.0,0.0
4241983,Cody White,SEA,WR,8,0.0,ACTIVE,0,0,,,0.0,0.0,0.0,0.0,0.0,0.0,0.0,0.0,0.0,0.0,0.0,0.0,0.0,0.0,0.0,0.0,0.0
4429684,Anthony Gould,IND,WR,11,0.4,ACTIVE,0,0,,,0.0,0.4,0.0,0.0,0.0,0.0,0.0,0.0,0.0,0.0,0.0,0.0,0.0,0.0,0.0,0.0,0.0
4427834,Erick All Jr.,CIN,TE,10,0.0,OUT,0,0,,,0.0,0.0,0.0,0.0,0.0,0.0,0.0,0.0,0.0,0.0,0.0,0.0,0.0,0.0,0.0,0.0,0.0
4035537,Kene Nwangwu,NYJ,RB,9,0.0,ACTIVE,0,0,,,0.0,0.0,0.0,0.0,0.0,0.0,0.0,0.0,0.0,0.0,0.0,0.0,0.0,0.0,0.0,0.0,0.0
4243176,Brady Russell,SEA,RB,8,0.0,ACTIVE,0,0,,,0.0,0.0,0.0,0.0,0.0,0.0,0.0,0.0,0.0,0.0,0.0,0.0,0.0,0.0,0.0,0.0,0.0
4428811,Xavier Weaver,ARI,WR,8,0.0,ACTIVE,0,0,,,0.0,0.0,0.0,0.0,0.0,0.0,0.0,0.0,0.0,0.0,0.0,0.0,0.0,0.0,0.0,0.0,0.0
4379401,John FitzPatrick,GB,TE,5,0.0,ACTIVE,0,0,,,0.0,0.0,0.0,0.0,0.0,0.0,0.0,0.0,0.0,0.0,0.0,0.0,0.0,0.0,0.0,0.0,0.0
4369466,Ryan Miller,TB,WR,9,0.0,ACTIVE,0,0,,,0.0,0.0,0.0,0.0,0.0,0.0,0.0,0.0,0.0,0.0,0.0,0.0,0.0,0.0,0.0,0.0,0.0
4432731,Moliki Matavao,NO,TE,11,0.0,ACTIVE,0,0,,,0.0,0.0,0.0,0.0,0.0,0.0,0.0,0.0,0.0,0.0,0.0,0.0,0.0,0.0,0.0,0.0,0.0
5097554,Kameron Johnson,TB,WR,9,0.0,ACTIVE,1,0,,,0.0,0.0,0.0,0.0,0.0,0.0,0.0,0.0,0.0,0.0,0.0,0.0,0.0,0.0,0.0,0.0,0.0
4877203,Gage Larvadain,CLE,WR,9,0.0,OUT,0,0,,,0.0,0.0,0.0,0.0,0.0,0.0,0.0,0.0,0.0,0.0,0.0,0.0,0.0,0.0,0.0,0.0,0.0
4360763,Brycen Tremayne,CAR,WR,14,0.0,ACTIVE,0,0,,,0.0,0.0,0.0,0.0,0.0,0.0,0.0,0.0,0.0,0.0,0.0,0.0,0.0,0.0,0.0,0.0,0.0
3925347,Damien Harris,BUF,RB,7,0.0,ACTIVE,0,0,,,0.0,0.0,0.0,0.0,0.0,0.0,0.0,0.0,0.0,0.0,0.0,0.0,0.0,0.0,0.0,0.0,0.0
2576623,DeVante Parker,PHI,WR,9,0.0,ACTIVE,0,0,,,0.0,0.0,0.0,0.0,0.0,0.0,0.0,0.0,0.0,0.0,0.0,0.0,0.0,0.0,0.0,0.0,0.0
4034948,Feleipe Franks,ATL,TE,5,0.0,ACTIVE,0,0,,,0.0,0.0,0.0,0.0,0.0,0.0,0.0,0.0,0.0,0.0,0.0,0.0,0.0,0.0,0.0,0.0,0.0
11394,Josh Johnson,WSH,QB,12,0.0,OUT,0,0,,,0.0,0.0,0.0,0.0,0.0,0.0,0.0,0.0,0.0,0.0,0.0,0.0,0.0,0.0,0.0,0.0,0.0
4401805,Dareke Young,SEA,WR,8,0.0,OUT,0,0,,,0.0,0.0,0.0,0.0,0.0,0.0,0.0,0.0,0.0,0.0,0.0,0.0,0.0,0.0,0.0,0.0,0.0
4383440,Nate Adkins,DEN,TE,12,0.0,OUT,0,0,,,0.0,0.0,0.0,0.0,0.0,0.0,0.0,0.0,0.0,0.0,0.0,0.0,0.0,0.0,0.0,0.0,0.0
4361100,Jack Westover,NE,TE,14,0.0,ACTIVE,0,0,,,0.0,0.0,0.0,0.0,0.0,0.0,0.0,0.0,0.0,0.0,0.0,0.0,0.0,0.0,0.0,0.0,0.0
4361112,Devin Culp,TB,TE,9,1.55,OUT,0,0,,,0.0,1.55,0.0,0.0,0.0,0.0,0.0,0.0,0.0,0.0,0.0,0.0,0.0,0.0,0.0,0.0,0.0
4426893,Joshua Cephus,JAX,WR,8,0.0,INJURY_RESERVE,0,0,,,0.0,0.0,0.0,0.0,0.0,0.0,0.0,0.0,0.0,0.0,0.0,0.0,0.0,0.0,0.0,0.0,0.0
4374045,Teagan Quitoriano,ATL,TE,5,0.0,ACTIVE,0,0,,,0.0,0.0,0.0,0.0,0.0,0.0,0.0,0.0,0.0,0.0,0.0,0.0,0.0,0.0,0.0,0.0,0.0
4362087,Keaontay Ingram,KC,RB,10,0.0,INJURY_RESERVE,0,0,,,0.0,0.0,0.0,0.0,0.0,0.0,0.0,0.0,0.0,0.0,0.0,0.0,0.0,0.0,0.0,0.0,0.0
4040980,Irv Smith Jr.,HOU,TE,6,0.0,INJURY_RESERVE,0,0,,,0.0,0.0,0.0,0.0,0.0,0.0,0.0,0.0,0.0,0.0,0.0,0.0,0.0,0.0,0.0,0.0,0.0
4241410,Jelani Woods,NYJ,TE,9,0.0,OUT,0,0,,,0.0,0.0,0.0,0.0,0.0,0.0,0.0,0.0,0.0,0.0,0.0,0.0,0.0,0.0,0.0,0.0,0.0
4362018,Blake Whiteheart,CLE,TE,9,0.0,ACTIVE,0,0,,,0.0,0.0,0.0,0.0,0.0,0.0,0.0,0.0,0.0,0.0,0.0,0.0,0.0,0.0,0.0,0.0,0.0
4570409,David Bell,CLE,WR,9,0.0,OUT,0,0,,,0.0,0.0,0.0,0.0,0.0,0.0,0.0,0.0,0.0,0.0,0.0,0.0,0.0,0.0,0.0,0.0,0.0
4373030,Ben Sims,GB,TE,5,0.0,ACTIVE,0,0,,,0.0,0.0,0.0,0.0,0.0,0.0,0.0,0.0,0.0,0.0,0.0,0.0,0.0,0.0,0.0,0.0,0.0
4034779,Ko Kieft,TB,TE,9,0.0,ACTIVE,0,0,,,0.0,0.0,0.0,0.0,0.0,0.0,0.0,0.0,0.0,0.0,0.0,0.0,0.0,0.0,0.0,0.0,0.0
3122976,Jeff Wilson Jr.,MIA,RB,12,0.0,ACTIVE,0,0,,,0.0,0.0,0.0,0.0,0.0,0.0,0.0,0.0,0.0,0.0,0.0,0.0,0.0,0.0,0.0,0.0,0.0
4362617,Bryce Oliver,TEN,WR,10,0.0,ACTIVE,0,0,,,0.0,0.0,0.0,0.0,0.0,0.0,0.0,0.0,0.0,0.0,0.0,0.0,0.0,0.0,0.0,0.0,0.0
2310331,Tyler Johnson,NYJ,WR,9,2.34,ACTIVE,0,0,,,0.0,2.34,0.0,0.0,0.0,0.0,0.0,0.0,0.0,0.0,0.0,0.0,0.0,0.0,0.0,0.0,0.0
3040569,Trent Taylor,SF,WR,14,0.0,INJURY_RESERVE,0,0,,,0.0,0.0,0.0,0.0,0.0,0.0,0.0,0.0,0.0,0.0,0.0,0.0,0.0,0.0,0.0,0.0,0.0
16810,AJ McCarron,CIN,QB,10,0.0,ACTIVE,0,0,,,0.0,0.0,0.0,0.0,0.0,0.0,0.0,0.0,0.0,0.0,0.0,0.0,0.0,0.0,0.0,0.0,0.0
3871102,David Sills V,ATL,WR,5,0.0,ACTIVE,0,0,,,0.0,0.0,0.0,0.0,0.0,0.0,0.0,0.0,0.0,0.0,0.0,0.0,0.0,0.0,0.0,0.0,0.0
4362227,Bryce Ford-Wheaton,NYG,WR,14,0.0,INJURY_RESERVE,0,0,,,0.0,0.0,0.0,0.0,0.0,0.0,0.0,0.0,0.0,0.0,0.0,0.0,0.0,0.0,0.0,0.0,0.0
4430431,Kurtis Rourke,SF,QB,14,0.0,OUT,0,0,,,0.0,0.0,0.0,0.0,0.0,0.0,0.0,0.0,0.0,0.0,0.0,0.0,0.0,0.0,0.0,0.0,0.0
4426335,Graham Mertz,HOU,QB,6,0.0,ACTIVE,0,0,,,0.0,0.0,0.0,0.0,0.0,0.0,0.0,0.0,0.0,0.0,0.0,0.0,0.0,0.0,0.0,0.0,0.0
4360978,David Martin-Robinson,TEN,TE,10,0.0,ACTIVE,0,0,,,0.0,0.0,0.0,0.0,0.0,0.0,0.0,0.0,0.0,0.0,0.0,0.0,0.0,0.0,0.0,0.0,0.0
4698253,Lan Larison,NE,RB,14,0.0,INJURY_RESERVE,0,0,,,0.0,0.0,0.0,0.0,0.0,0.0,0.0,0.0,0.0,0.0,0.0,0.0,0.0,0.0,0.0,0.0,0.0
4044144,Kenny Yeboah,DET,TE,8,0.0,INJURY_RESERVE,0,0,,,0.0,0.0,0.0,0.0,0.0,0.0,0.0,0.0,0.0,0.0,0.0,0.0,0.0,0.0,0.0,0.0,0.0
4362504,Brevin Jordan,HOU,TE,6,0.0,INJURY_RESERVE,0,0,,,0.0,0.0,0.0,0.0,0.0,0.0,0.0,0.0,0.0,0.0,0.0,0.0,0.0,0.0,0.0,0.0,0.0
11387,Matthew Slater,NE,WR,14,0.0,ACTIVE,0,0,,,0.0,0.0,0.0,0.0,0.0,0.0,0.0,0.0,0.0,0.0,0.0,0.0,0.0,0.0,0.0,0.0,0.0
4259147,Jake Tonges,SF,TE,14,0.0,ACTIVE,0,0,,,0.0,0.0,0.0,0.0,0.0,0.0,0.0,0.0,0.0,0.0,0.0,0.0,0.0,0.0,0.0,0.0,0.0
4242558,Tucker Fisk,LAC,TE,12,0.0,OUT,0,0,,,0.0,0.0,0.0,0.0,0.0,0.0,0.0,0.0,0.0,0.0,0.0,0.0,0.0,0.0,0.0,0.0,0.0
4373273,British Brooks,HOU,RB,6,0.0,ACTIVE,0,0,,,0.0,0.0,0.0,0.0,0.0,0.0,0.0,0.0,0.0,0.0,0.0,0.0,0.0,0.0,0.0,0.0,0.0
4241820,Sam Ehlinger,DEN,QB,12,0.0,ACTIVE,0,0,,,0.0,0.0,0.0,0.0,0.0,0.0,0.0,0.0,0.0,0.0,0.0,0.0,0.0,0.0,0.0,0.0,0.0
4248425,Carlos Washington Jr.,ATL,RB,5,0.0,ACTIVE,0,0,,,0.0,0.0,0.0,0.0,0.0,0.0,0.0,0.0,0.0,0.0,0.0,0.0,0.0,0.0,0.0,0.0,0.0
12477,Brian Hoyer,LV,QB,8,0.0,ACTIVE,0,0,,,0.0,0.0,0.0,0.0,0.0,0.0,0.0,0.0,0.0,0.0,0.0,0.0,0.0,0.0,0.0,0.0,0.0
3916564,Tyree Jackson,WSH,TE,12,0.0,INJURY_RESERVE,0,0,,,0.0,0.0,0.0,0.0,0.0,0.0,0.0,0.0,0.0,0.0,0.0,0.0,0.0,0.0,0.0,0.0,0.0
4362523,Will Mallory,IND,TE,11,0.37,OUT,0,0,,,0.0,0.37,0.0,0.0,0.0,0.0,0.0,0.0,0.0,0.0,0.0,0.0,0.0,0.0,0.0,0.0,0.0
4243315,Salvon Ahmed,IND,RB,11,0.0,INJURY_RESERVE,0,0,,,0.0,0.0,0.0,0.0,0.0,0.0,0.0,0.0,0.0,0.0,0.0,0.0,0.0,0.0,0.0,0.0,0.0
2576581,Chris Moore,WSH,WR,12,0.0,ACTIVE,0,0,,,0.0,0.0,0.0,0.0,0.0,0.0,0.0,0.0,0.0,0.0,0.0,0.0,0.0,0.0,0.0,0.0,0.0
4361988,James Mitchell,CAR,TE,14,0.0,OUT,0,0,,,0.0,0.0,0.0,0.0,0.0,0.0,0.0,0.0,0.0,0.0,0.0,0.0,0.0,0.0,0.0,0.0,0.0
4391845,Cody Schrader,LAR,RB,8,0.0,ACTIVE,0,0,,,0.0,0.0,0.0,0.0,0.0,0.0,0.0,0.0,0.0,0.0,0.0,0.0,0.0,0.0,0.0,0.0,0.0
4242369,Matt Bushman,KC,TE,10,0.0,ACTIVE,0,0,,,0.0,0.0,0.0,0.0,0.0,0.0,0.0,0.0,0.0,0.0,0.0,0.0,0.0,0.0,0.0,0.0,0.0
4046715,Trishton Jackson,ARI,WR,8,0.0,INJURY_RESERVE,0,0,,,0.0,0.0,0.0,0.0,0.0,0.0,0.0,0.0,0.0,0.0,0.0,0.0,0.0,0.0,0.0,0.0,0.0
4259324,Travis Vokolek,ARI,TE,8,0.0,ACTIVE,0,0,,,0.0,0.0,0.0,0.0,0.0,0.0,0.0,0.0,0.0,0.0,0.0,0.0,0.0,0.0,0.0,0.0,0.0
3929636,Irvin Charles,NYJ,WR,9,0.0,OUT,0,0,,,0.0,0.0,0.0,0.0,0.0,0.0,0.0,0.0,0.0,0.0,0.0,0.0,0.0,0.0,0.0,0.0,0.0
4362489,John Stephens Jr.,DAL,TE,10,0.0,INJURY_RESERVE,0,0,,,0.0,0.0,0.0,0.0,0.0,0.0,0.0,0.0,0.0,0.0,0.0,0.0,0.0,0.0,0.0,0.0,0.0
3912092,Donald Parham Jr.,PIT,TE,5,0.0,INJURY_RESERVE,0,0,,,0.0,0.0,0.0,0.0,0.0,0.0,0.0,0.0,0.0,0.0,0.0,0.0,0.0,0.0,0.0,0.0,0.0
4372526,Deneric Prince,NE,RB,14,0.0,INJURY_RESERVE,0,0,,,0.0,0.0,0.0,0.0,0.0,0.0,0.0,0.0,0.0,0.0,0.0,0.0,0.0,0.0,0.0,0.0,0.0
4700712,Cam Grandy,CIN,TE,10,0.0,OUT,0,0,,,0.0,0.0,0.0,0.0,0.0,0.0,0.0,0.0,0.0,0.0,0.0,0.0,0.0,0.0,0.0,0.0,0.0
3115349,Jakob Johnson,HOU,RB,6,0.0,ACTIVE,0,0,,,0.0,0.0,0.0,0.0,0.0,0.0,0.0,0.0,0.0,0.0,0.0,0.0,0.0,0.0,0.0,0.0,0.0
3919510,Alex Bachman,LV,WR,8,0.0,ACTIVE,0,0,,,0.0,0.0,0.0,0.0,0.0,0.0,0.0,0.0,0.0,0.0,0.0,0.0,0.0,0.0,0.0,0.0,0.0
4361426,Justin Shorter,LV,TE,8,0.0,ACTIVE,0,0,,,0.0,0.0,0.0,0.0,0.0,0.0,0.0,0.0,0.0,0.0,0.0,0.0,0.0,0.0,0.0,0.0,0.0
3929914,Adam Prentice,DEN,RB,12,0.0,ACTIVE,0,0,,,0.0,0.0,0.0,0.0,0.0,0.0,0.0,0.0,0.0,0.0,0.0,0.0,0.0,0.0,0.0,0.0,0.0
4383429,Jacob Saylors,DET,RB,8,0.0,ACTIVE,0,0,,,0.0,0.0,0.0,0.0,0.0,0.0,0.0,0.0,0.0,0.0,0.0,0.0,0.0,0.0,0.0,0.0,0.0
4034862,Jack Stoll,NO,TE,11,0.0,ACTIVE,0,0,,,0.0,0.0,0.0,0.0,0.0,0.0,0.0,0.0,0.0,0.0,0.0,0.0,0.0,0.0,0.0,0.0,0.0
4426348,Jayden Daniels,WSH,QB,12,20.16,ACTIVE,1,0,,,0.0,20.16,0.0,0.0,0.0,0.0,0.0,0.0,0.0,0.0,0.0,0.0,0.0,0.0,0.0,0.0,0.0
4430807,Bijan Robinson,ATL,RB,5,15.77,ACTIVE,1,0,,,0.0,15.77,0.0,0.0,0.0,0.0,0.0,0.0,0.0,0.0,0.0,0.0,0.0,0.0,0.0,0.0,0.0
4362628,Ja'Marr Chase,CIN,WR,10,18.11,ACTIVE,1,0,,,0.0,18.11,0.0,0.0,0.0,0.0,0.0,0.0,0.0,0.0,0.0,0.0,0.0,0.0,0.0,0.0,0.0
