id,name,team,position,bye_week,drafted,locked,fantasy_points,average_draft_position,player_rating,injury_status,week_1_points,week_2_points,week_3_points,week_4_points,week_5_points,week_6_points,week_7_points,week_8_points,week_9_points,week_10_points,week_11_points,week_12_points,week_13_points,week_14_points,week_15_points,week_16_points,week_17_points
3117251,Christian McCaffrey,SF,RB,14,0,0,392.0,170.0,100.0,QUESTIONABLE,23.2,22.7,24.0,26.1,27.9,24.1,39.1,9.8,34.3,17.6,35.1,27.2,17.4,,15.7,22.1,25.7
3918298,Josh Allen,BUF,QB,7,0,0,372.7,170.0,100.0,QUESTIONABLE,38.8,11.8,23.0,24.9,19.4,15.4,,23.2,28.8,19.3,42.7,8.1,16.7,37.8,24.5,19.9,18.3
4242335,Jonathan Taylor,IND,RB,11,0,0,365.6,170.0,99.4,ACTIVE,12.8,29.5,32.8,14.6,31.6,23.7,34.2,37.4,7.7,49.6,,8.6,15.1,11.4,13.1,24.0,19.5
4429795,Jahmyr Gibbs,DET,RB,8,0,0,362.0,170.0,98.8,ACTIVE,15.0,19.4,26.9,17.7,16.7,7.5,36.8,,5.8,38.2,19.6,55.4,11.6,37.0,9.8,23.8,20.8
4430878,Jaxon Smith-Njigba,SEA,WR,8,0,0,347.4,170.0,100.0,ACTIVE,19.4,18.3,20.6,13.0,27.2,30.2,26.3,,22.0,20.3,20.6,37.1,4.3,28.1,18.3,19.9,21.8
4430807,Bijan Robinson,ATL,RB,5,0,0,339.1,170.0,98.2,ACTIVE,24.4,19.8,16.1,28.1,,35.8,21.2,5.8,17.6,10.8,30.3,14.7,30.3,9.4,29.5,23.7,21.6
4429160,De'Von Achane,MIA,RB,12,0,0,337.7,170.0,97.6,QUESTIONABLE,16.5,26.2,16.1,17.1,16.6,31.0,12.8,20.1,16.6,40.5,21.5,,19.4,17.5,18.7,24.8,22.3
4426515,Puka Nacua,LAR,WR,8,0,0,329.9,170.0,99.6,ACTIVE,23.1,27.6,22.8,36.0,24.5,4.8,,,22.8,17.4,14.3,16.7,13.2,35.7,27.9,19.8,23.2
4431452,Drake Maye,NE,QB,14,0,0,321.5,170.0,97.0,ACTIVE,15.8,26.3,19.2,23.2,12.1,27.2,23.1,26.3,16.4,18.1,15.4,16.0,20.5,,20.5,19.4,22.0
4374302,Amon-Ra St. Brown,DET,WR,8,0,0,315.6,170.0,99.2,QUESTIONABLE,8.5,39.2,20.7,26.0,18.0,13.7,20.6,,18.7,16.8,6.2,29.9,,15.2,41.4,21.3,19.3
12483,Matthew Stafford,LAR,QB,8,0,0,314.3,170.0,98.0,ACTIVE,13.6,17.3,13.8,27.4,25.6,9.3,27.4,,26.8,26.9,13.2,22.9,11.6,23.2,20.9,14.7,19.4
4040715,Jalen Hurts,PHI,QB,9,0,0,312.3,170.0,95.0,ACTIVE,24.3,11.5,29.0,19.4,19.5,20.6,24.0,25.4,,12.0,14.5,30.9,16.3,0.4,22.9,22.6,18.9
2577417,Dak Prescott,DAL,QB,10,0,0,308.6,170.0,96.0,ACTIVE,7.8,22.1,12.0,31.0,28.3,22.3,23.3,6.6,15.4,,24.3,27.1,20.6,18.4,12.0,16.9,20.5
4361307,Trey McBride,ARI,TE,8,0,0,308.0,170.0,100.0,ACTIVE,12.1,13.8,15.3,12.2,9.1,21.2,29.4,,16.5,27.7,27.5,16.9,22.2,10.8,37.4,16.8,19.1
4379399,James Cook III,BUF,RB,7,0,0,300.8,170.0,97.0,ACTIVE,21.2,26.5,20.8,22.5,4.9,8.7,,33.6,13.5,10.7,20.4,21.9,18.7,11.1,31.1,18.0,17.2
4360310,Trevor Lawrence,JAX,QB,8,0,0,296.6,170.0,94.0,ACTIVE,10.3,19.2,7.8,11.7,26.2,19.2,17.6,,21.2,9.8,15.0,17.1,21.7,19.4,44.3,16.6,19.4
4426338,Bo Nix,DEN,QB,12,0,0,293.7,170.0,93.0,ACTIVE,6.8,20.2,13.4,25.7,17.9,13.4,40.0,23.8,18.5,5.8,12.6,,16.4,16.0,29.1,16.2,17.9
4431611,Caleb Williams,CHI,QB,5,0,0,293.7,170.0,92.0,ACTIVE,24.2,17.0,29.1,11.8,,19.9,4.7,11.8,38.7,25.1,10.3,21.7,9.5,14.9,19.0,17.7,18.5
3046779,Jared Goff,DET,QB,8,0,0,287.1,170.0,91.0,ACTIVE,10.9,34.0,12.7,12.7,20.1,16.8,10.3,,19.4,24.8,12.1,17.2,20.6,16.2,25.5,17.6,16.2
3139477,Patrick Mahomes,KC,QB,10,0,0,285.7,170.0,99.0,INJURY_RESERVE,26.0,22.1,13.2,27.3,26.7,31.5,26.2,23.0,10.5,,13.3,17.1,29.4,6.3,13.1,,
4362628,Ja'Marr Chase,CIN,WR,10,0,0,284.6,170.0,98.4,ACTIVE,4.6,36.5,8.9,7.3,29.0,25.1,38.1,21.1,17.1,,6.0,,18.0,10.2,23.2,18.9,20.6
4426354,George Pickens,DAL,WR,10,0,0,282.9,170.0,98.8,ACTIVE,6.0,17.8,17.8,33.4,13.7,31.8,12.2,14.8,13.9,,29.4,29.6,16.8,8.7,6.3,14.0,16.7
4038941,Justin Herbert,LAC,QB,12,0,0,275.1,170.0,90.0,ACTIVE,27.9,18.8,14.6,12.5,14.6,18.8,27.9,25.3,27.7,14.7,3.3,,12.8,12.2,10.4,18.6,14.9
4047365,Josh Jacobs,GB,RB,5,0,0,264.6,170.0,96.4,QUESTIONABLE,14.0,14.4,12.4,31.7,,32.0,18.8,13.5,20.0,19.7,4.0,,10.1,17.2,23.2,18.9,14.7
3052587,Baker Mayfield,TB,QB,9,0,0,260.4,170.0,88.0,ACTIVE,22.6,19.9,17.7,18.9,26.7,19.6,11.1,4.1,,22.9,16.8,3.5,14.5,11.1,19.2,16.6,15.2
4361579,Javonte Williams,DAL,RB,10,0,0,256.7,170.0,95.9,ACTIVE,20.4,25.0,12.2,19.0,26.9,8.4,18.8,17.9,7.3,,10.3,12.1,17.0,14.7,15.1,15.1,16.4
4430737,Kyren Williams,LAR,RB,8,0,0,252.0,170.0,95.3,QUESTIONABLE,13.9,10.0,19.2,10.4,31.1,16.7,8.5,,17.4,22.4,16.6,5.8,13.2,17.7,21.8,12.0,15.3
4239996,Travis Etienne Jr.,JAX,RB,8,0,0,250.9,170.0,94.7,ACTIVE,18.6,16.9,11.6,19.5,8.8,9.5,6.5,,16.5,15.7,19.3,20.6,5.1,21.2,31.5,13.9,15.8
4036378,Jordan Love,GB,QB,5,0,0,248.7,170.0,89.0,QUESTIONABLE,15.9,20.9,11.1,26.3,,15.0,13.4,28.3,9.0,7.8,17.7,7.1,25.8,19.3,13.9,17.3,
3929630,Saquon Barkley,PHI,RB,9,0,0,241.3,170.0,94.1,ACTIVE,18.4,17.4,9.5,17.4,17.8,8.7,5.2,33.4,,13.1,10.0,12.4,5.6,18.2,17.2,19.1,18.0
4258173,Nico Collins,HOU,WR,6,0,0,239.5,170.0,97.7,ACTIVE,5.5,14.2,22.4,11.9,16.0,,6.7,,14.5,22.6,24.2,8.5,21.5,16.1,23.5,16.7,15.3
4361370,Chris Olave,NO,WR,11,0,0,236.6,170.0,97.3,QUESTIONABLE,12.4,11.4,15.7,9.0,12.9,15.8,26.8,14.0,8.7,21.4,,16.0,14.7,6.0,20.5,14.2,17.1
4362238,Chase Brown,CIN,RB,10,0,0,232.9,170.0,93.5,QUESTIONABLE,13.1,8.5,6.0,10.1,11.8,8.9,12.0,25.5,19.2,,18.7,15.0,18.3,18.5,16.0,14.9,16.4
3912547,Sam Darnold,SEA,QB,8,0,0,230.9,170.0,86.0,ACTIVE,5.4,15.8,16.7,16.1,27.6,20.0,8.6,,27.2,4.9,4.3,17.7,3.1,22.3,11.3,13.9,16.0
4689114,Jaxson Dart,NYG,QB,14,0,0,230.8,170.0,85.0,ACTIVE,,,0.3,19.8,15.6,23.6,28.4,19.4,27.2,26.3,,,13.6,,22.1,17.9,16.6
4890973,Ashton Jeanty,LV,RB,8,0,0,227.3,170.0,91.1,ACTIVE,12.0,7.4,6.3,33.5,15.9,16.6,4.4,,19.9,15.3,9.4,24.8,12.1,5.8,8.2,15.1,20.6
3917792,Daniel Jones,IND,QB,11,0,0,226.4,170.0,87.0,INJURY_RESERVE,29.5,22.8,15.8,10.4,16.7,22.5,22.2,23.2,14.1,15.5,,16.8,16.1,0.8,,,
3043078,Derrick Henry,BAL,RB,7,0,0,226.1,170.0,92.9,ACTIVE,29.2,2.3,10.7,7.8,9.3,14.0,,19.1,13.1,11.4,20.2,22.8,17.4,11.2,10.0,14.3,13.3
4038815,Rico Dowdle,CAR,RB,14,0,0,223.8,170.0,92.3,ACTIVE,3.6,2.9,10.8,4.0,32.4,33.9,10.6,5.4,28.1,15.3,15.0,11.4,9.9,,12.4,15.2,12.9
2578570,Jacoby Brissett,ARI,QB,8,0,0,223.7,170.0,82.0,ACTIVE,,0.2,,,,20.7,19.8,,24.8,19.4,21.9,18.7,19.6,19.0,20.6,18.7,20.3
4047646,A.J. Brown,PHI,WR,9,0,0,223.1,170.0,96.5,ACTIVE,1.8,7.7,22.9,2.7,9.3,14.0,28.1,,,3.3,11.9,25.0,35.2,16.0,12.1,17.4,15.7
16800,Davante Adams,LAR,WR,8,0,0,222.9,170.0,98.0,QUESTIONABLE,9.1,22.6,14.6,15.6,13.8,7.9,26.5,,23.0,19.7,7.1,23.2,21.8,6.9,11.1,,
4259545,D'Andre Swift,CHI,RB,5,0,0,218.8,170.0,91.7,ACTIVE,9.5,13.9,10.8,16.0,,25.5,20.8,15.1,,14.8,9.0,1.9,20.8,11.2,22.6,13.0,13.9
4426388,Jameson Williams,DET,WR,8,0,0,218.1,170.0,95.7,ACTIVE,6.6,18.8,6.3,5.7,2.0,18.6,,,16.6,23.9,19.7,,26.9,17.3,26.4,15.9,13.4
3128429,Courtland Sutton,DEN,WR,12,0,0,217.1,170.0,96.1,ACTIVE,18.1,1.6,23.8,19.1,17.9,2.7,16.7,10.7,10.0,5.4,9.9,,17.2,12.2,24.3,13.1,14.4
4569587,Wan'Dale Robinson,NYG,WR,14,0,0,216.4,170.0,96.9,QUESTIONABLE,11.5,28.2,3.6,4.4,8.2,20.4,15.5,7.8,13.6,12.2,7.6,30.6,10.4,,16.4,13.5,12.5
8439,Aaron Rodgers,PIT,QB,5,0,0,214.0,170.0,83.0,ACTIVE,25.7,10.4,11.7,12.8,,17.5,22.6,16.8,12.1,6.4,9.4,,2.7,21.5,17.0,14.8,12.7
4241389,CeeDee Lamb,DAL,WR,10,0,0,213.2,170.0,93.0,ACTIVE,18.0,20.2,,,,,22.0,14.6,15.5,,17.6,11.5,24.2,18.1,17.1,16.9,17.5
4035687,Michael Pittman Jr.,IND,WR,11,0,0,212.6,170.0,95.3,ACTIVE,20.0,8.0,19.3,15.1,14.9,4.0,20.8,23.5,20.5,3.9,,13.7,2.3,16.9,5.6,12.6,11.5
4426502,Drake London,ATL,WR,5,0,0,210.9,170.0,92.6,ACTIVE,13.5,5.9,10.5,25.0,,31.8,8.2,,38.8,24.4,18.9,,,,,18.0,15.8
4372016,Jaylen Waddle,MIA,WR,12,0,0,207.0,170.0,94.5,QUESTIONABLE,7.0,17.8,14.9,7.8,23.0,15.8,2.5,20.9,14.2,19.4,8.2,,7.0,18.1,4.6,12.6,13.2
4432710,TreVeyon Henderson,NE,RB,14,0,0,206.5,170.0,90.5,ACTIVE,11.1,6.0,7.7,12.6,4.7,4.6,0.5,5.5,12.7,28.0,32.3,11.1,11.6,,30.1,14.1,13.9
4427366,Breece Hall,NYJ,RB,9,0,0,206.1,170.0,89.9,QUESTIONABLE,16.5,5.8,9.2,16.1,17.5,5.9,7.2,32.9,,19.5,8.4,13.9,15.6,4.3,5.7,14.4,13.2
3916387,Lamar Jackson,BAL,QB,7,0,0,205.7,170.0,84.0,QUESTIONABLE,29.4,26.3,27.0,10.7,,,,,25.6,16.6,4.7,7.2,6.5,21.1,14.6,16.0,
4685472,Tetairoa McMillan,CAR,WR,14,0,0,205.5,170.0,94.1,ACTIVE,11.8,16.0,7.8,10.2,13.3,17.9,6.3,16.9,8.6,11.0,33.0,11.5,11.3,,4.5,13.1,12.3
4429615,Zay Flowers,BAL,WR,7,0,0,205.0,170.0,93.7,ACTIVE,28.1,14.9,3.3,14.4,12.2,8.6,,14.1,11.4,12.1,11.3,11.9,0.6,20.6,15.8,13.8,11.9
4685720,Bryce Young,CAR,QB,14,0,0,204.3,170.0,81.0,ACTIVE,8.2,21.3,11.6,10.3,12.0,18.5,10.5,,3.0,1.6,31.8,8.3,22.5,,15.4,16.3,13.1
4360248,Kyle Pitts Sr.,ATL,TE,5,0,0,201.5,170.0,98.6,ACTIVE,12.9,7.7,7.9,18.0,,4.8,13.2,14.9,7.8,5.8,3.4,4.5,15.2,15.0,45.6,12.1,12.7
4567750,Emeka Egbuka,TB,WR,9,0,0,200.4,170.0,94.9,ACTIVE,23.6,12.9,14.5,20.1,31.3,4.4,9.8,6.5,,23.5,9.0,6.2,8.2,3.5,10.4,11.0,5.5
15847,Travis Kelce,KC,TE,10,0,0,200.2,170.0,99.3,ACTIVE,12.7,10.1,6.6,9.8,19.1,13.8,8.4,21.9,12.6,,24.1,8.4,15.5,1.8,14.0,11.2,10.2
4371733,Kenneth Gainwell,PIT,RB,5,0,0,198.3,170.0,89.3,ACTIVE,5.3,6.6,9.6,31.4,,9.6,3.5,3.5,7.4,2.4,29.5,18.2,6.5,16.2,19.6,14.6,14.4
4432577,C.J. Stroud,HOU,QB,6,0,0,198.1,170.0,80.0,ACTIVE,8.7,15.0,10.4,18.4,28.8,,13.7,21.7,4.4,,,,9.0,12.6,23.4,17.4,14.7
4241478,DeVonta Smith,PHI,WR,9,0,0,197.6,170.0,92.2,ACTIVE,4.6,9.3,20.0,4.9,19.4,8.9,33.3,14.4,,16.9,1.8,14.9,9.8,7.7,7.0,13.1,11.6
4239993,Tee Higgins,CIN,WR,10,0,0,196.8,170.0,91.8,ACTIVE,6.3,14.6,2.5,6.2,11.2,11.2,21.6,11.4,33.1,,15.3,8.1,,27.2,,13.9,14.2
4569987,Jaylen Warren,PIT,RB,5,0,0,194.7,170.0,88.7,ACTIVE,13.9,17.4,13.1,,,8.3,19.8,9.3,16.9,11.1,8.7,12.8,12.4,15.2,7.8,14.3,13.7
4360761,Michael Wilson,ARI,WR,8,0,0,194.3,170.0,91.4,ACTIVE,1.5,8.1,1.5,4.5,3.6,8.4,7.0,,9.1,7.4,33.5,21.8,6.6,37.2,16.4,14.1,13.5
2473037,Jason Myers,SEA,K,8,0,0,193.6,170.0,100.0,ACTIVE,8.0,8.0,17.0,13.0,4.0,10.0,9.0,,9.0,15.0,14.0,13.0,19.0,14.0,24.0,8.1,8.4
4242355,Jake Ferguson,DAL,TE,10,0,0,193.4,170.0,98.0,QUESTIONABLE,7.3,16.8,21.2,17.0,23.9,12.3,21.9,,8.0,,11.6,11.1,8.6,10.8,3.6,9.8,9.4
4047650,DK Metcalf,PIT,WR,5,0,0,192.5,170.0,93.3,SUSPENSION,12.3,11.0,12.2,23.6,,19.5,8.0,16.5,2.6,6.5,9.9,14.4,6.2,21.8,14.5,13.5,
3126486,Deebo Samuel,WSH,WR,12,0,0,190.7,170.0,91.0,ACTIVE,22.6,17.4,4.9,20.1,23.6,5.4,,4.2,9.4,12.9,20.7,,11.1,6.7,7.3,12.4,12.0
4431459,Tyler Warren,IND,TE,11,0,0,189.3,170.0,97.3,ACTIVE,14.9,11.9,6.8,18.3,14.4,18.3,16.9,9.3,7.6,17.9,,9.5,11.2,3.7,4.9,11.6,12.1
4262921,Justin Jefferson,MIN,WR,6,0,0,188.9,170.0,90.2,ACTIVE,14.8,11.1,12.5,22.6,19.3,,12.9,14.4,16.7,7.7,11.1,8.8,2.4,3.1,4.2,14.8,12.5
4568490,RJ Harvey,DEN,RB,12,0,0,188.3,170.0,88.1,ACTIVE,7.9,3.4,4.6,19.8,6.0,6.5,7.2,24.1,16.6,3.8,8.0,,21.2,22.0,10.5,13.1,13.5
4612826,Ladd McConkey,LAC,WR,12,0,0,185.7,170.0,90.6,ACTIVE,13.4,9.8,8.1,2.1,14.9,23.0,15.7,20.8,9.6,20.7,4.3,,13.9,2.2,4.0,12.6,10.6
3121023,Dallas Goedert,PHI,TE,9,0,0,185.1,170.0,96.6,ACTIVE,11.4,,10.3,19.7,10.9,26.0,4.8,17.8,,8.3,4.4,4.0,4.7,15.8,25.0,11.9,10.1
2976212,Stefon Diggs,NE,WR,14,0,0,182.8,170.0,89.0,ACTIVE,11.7,7.2,5.3,16.1,24.6,5.8,13.9,10.4,12.8,15.6,19.5,4.0,5.6,,5.6,11.2,13.5
5083076,Harold Fannin Jr.,CLE,TE,9,0,0,180.4,170.0,95.3,QUESTIONABLE,13.6,9.8,5.5,4.5,11.3,15.1,7.6,18.4,,8.4,4.6,8.4,11.3,25.4,12.0,12.5,12.0
4431280,Troy Franklin,DEN,WR,12,0,0,179.1,170.0,89.8,ACTIVE,8.4,24.0,2.8,9.5,8.5,3.1,12.9,26.9,8.3,15.0,12.4,,4.1,4.1,20.8,7.7,10.6
15818,Keenan Allen,LAC,WR,12,0,0,179.0,170.0,89.4,ACTIVE,19.8,17.1,19.5,8.7,10.8,6.7,28.9,8.4,6.1,3.9,9.3,,7.0,5.2,8.6,10.7,8.3
3916148,Tony Pollard,TEN,RB,10,0,0,178.8,170.0,87.0,ACTIVE,7.9,9.2,13.9,10.6,14.8,6.7,12.1,6.3,7.8,,5.6,8.1,5.3,28.1,18.2,12.3,11.9
3953687,Brandon Aubrey,DAL,K,10,0,0,177.4,170.0,97.3,ACTIVE,11.0,23.0,8.0,8.0,7.0,9.0,18.0,6.0,4.0,,9.0,6.0,12.0,24.0,14.6,8.6,9.2
-16026,Seahawks D/ST,SEA,DST,8,0,0,177.3,170.0,100.0,ACTIVE,7.0,16.0,17.0,12.0,-5.0,12.0,10.0,,11.0,21.0,4.0,6.0,28.0,20.0,6.0,5.6,6.7
15864,Geno Smith,LV,QB,8,0,0,176.8,170.0,78.0,DOUBTFUL,17.5,3.2,26.1,9.8,5.9,8.7,2.8,,26.3,4.4,12.9,14.2,12.0,9.0,,10.1,14.0
3916433,Jakobi Meyers,JAX,WR,8,0,0,176.2,170.0,88.3,ACTIVE,17.7,12.8,9.3,7.0,7.2,7.9,,,6.3,7.1,11.4,15.0,21.3,14.8,12.1,12.6,13.6
4432665,Brock Bowers,LV,TE,8,0,0,175.5,170.0,95.9,INJURY_RESERVE,15.3,8.8,9.8,9.6,,,,,43.3,3.7,14.2,11.5,22.3,14.6,8.8,13.6,
4685702,Quinshon Judkins,CLE,RB,9,0,0,175.2,170.0,87.6,INJURY_RESERVE,,10.1,16.5,21.5,13.8,3.6,26.4,4.7,,10.5,5.9,16.7,15.9,9.4,4.7,15.5,
4035538,David Montgomery,DET,RB,8,0,0,170.7,170.0,86.4,ACTIVE,8.3,13.1,29.4,1.2,18.2,8.1,5.9,,11.0,10.1,4.7,6.7,12.8,14.3,9.2,9.4,8.3
3915416,DJ Moore,CHI,WR,5,0,0,169.9,170.0,86.7,ACTIVE,8.6,9.6,12.8,7.8,,8.2,8.2,11.6,23.0,,3.1,23.4,4.7,0.6,22.9,13.9,11.6
4688380,Cam Ward,TEN,QB,10,0,0,168.7,170.0,75.0,ACTIVE,2.5,9.8,12.0,4.5,8.0,6.9,10.2,12.8,6.4,,13.1,23.9,6.3,11.1,15.0,13.4,12.9
4373678,Khalil Shakir,BUF,WR,7,0,0,168.4,170.0,87.9,ACTIVE,12.4,2.2,14.5,17.9,11.0,6.3,,20.8,11.3,12.8,0.7,17.0,1.5,9.6,11.5,9.6,9.3
4362081,Cameron Dicker,LAC,K,12,0,0,168.2,170.0,94.6,ACTIVE,9.0,8.0,12.0,5.0,6.0,17.0,7.0,14.0,11.0,13.0,8.0,,9.0,20.0,12.0,8.8,8.3
3117256,Dalton Schultz,HOU,TE,6,0,0,166.8,170.0,94.6,ACTIVE,5.8,5.9,8.9,8.0,11.0,,18.8,4.4,13.7,18.3,11.1,1.8,12.5,5.2,21.6,10.1,9.7
4567048,Kenneth Walker III,SEA,RB,8,0,0,165.4,170.0,85.8,ACTIVE,5.4,18.8,18.0,12.0,9.6,4.7,6.6,,8.1,8.0,20.1,13.1,10.4,3.8,2.9,10.8,13.0
4241479,Tua Tagovailoa,MIA,QB,12,0,0,162.1,170.0,79.0,ACTIVE,5.3,18.6,12.8,15.7,22.7,6.6,,24.2,8.5,10.8,6.8,,4.7,9.1,16.2,,
3886598,Jauan Jennings,SF,WR,14,0,0,162.0,170.0,85.1,ACTIVE,3.6,19.9,,6.4,,1.7,7.1,8.5,14.1,17.1,9.4,15.1,13.9,,18.7,12.9,13.6
3929645,Juwan Johnson,NO,TE,11,0,0,161.7,170.0,93.9,ACTIVE,15.6,15.9,11.1,5.8,3.7,1.5,12.9,10.3,12.1,19.2,,10.6,8.9,7.8,7.0,9.1,10.1
3046439,Hunter Henry,NE,TE,14,0,0,159.9,170.0,93.2,QUESTIONABLE,10.6,1.9,29.0,11.9,6.6,5.7,7.3,7.7,9.1,1.9,8.5,24.5,11.3,,2.8,10.4,10.7
-16034,Texans D/ST,HOU,DST,6,0,0,157.6,170.0,96.8,ACTIVE,8.0,5.0,7.0,12.0,12.0,,18.0,7.0,9.0,16.0,10.0,14.0,4.0,13.0,6.0,9.8,6.8
4428718,Tre Tucker,LV,WR,8,0,0,156.7,170.0,86.3,ACTIVE,13.4,4.9,40.9,4.2,11.1,12.0,8.3,,6.8,5.5,14.7,5.8,5.0,4.4,,8.9,10.8
4361432,Romeo Doubs,GB,WR,5,0,0,155.9,170.0,85.9,ACTIVE,8.8,11.8,4.5,29.8,,10.5,13.2,9.4,16.1,1.5,9.3,4.3,12.0,,5.6,9.6,9.5
2971573,Ka'imi Fairbairn,HOU,K,6,0,0,154.0,170.0,92.0,ACTIVE,14.0,9.0,3.0,9.0,18.0,,8.0,14.0,17.0,,,12.0,9.0,8.0,17.0,8.3,7.7
4429025,Quentin Johnston,LAC,WR,12,0,0,153.4,170.0,85.5,ACTIVE,24.9,15.9,14.9,23.8,6.9,,11.0,,15.3,9.2,,,11.3,2.8,,9.1,8.3
3059915,Kareem Hunt,KC,RB,10,0,0,152.5,170.0,84.6,ACTIVE,4.6,4.4,11.4,5.7,18.7,4.4,1.8,17.2,12.5,,13.2,20.0,9.0,9.0,3.0,11.0,6.5
4428331,Rashee Rice,KC,WR,10,0,0,150.1,170.0,88.7,INJURY_RESERVE,,,,,,,23.2,25.5,18.6,,9.8,24.1,29.4,7.4,12.1,,
4432708,Marvin Harrison Jr.,ARI,WR,8,0,0,149.1,170.0,84.3,OUT,18.1,4.7,7.4,18.6,13.8,5.2,7.8,,22.6,14.3,,,12.9,,,12.2,11.5
4032473,Rashid Shaheed,SEA,WR,8,0,0,149.1,170.0,87.1,QUESTIONABLE,9.3,15.2,8.2,9.2,21.4,6.8,8.0,,11.8,3.3,4.9,0.5,2.6,16.7,12.1,9.7,9.4
4429059,Woody Marks,HOU,RB,6,0,0,146.4,170.0,85.2,ACTIVE,0.3,6.1,4.6,27.9,2.4,,12.5,15.1,2.7,16.1,6.1,7.9,7.7,15.6,10.8,,10.6
4431299,Rome Odunze,CHI,WR,5,0,0,146.1,170.0,87.5,QUESTIONABLE,15.7,31.8,15.2,16.9,,5.2,5.1,18.4,,20.6,6.1,8.3,2.8,,,,
4360078,Alec Pierce,IND,WR,11,0,0,146.1,170.0,84.7,ACTIVE,4.6,10.8,10.7,,,6.8,14.8,8.9,17.5,18.4,,3.6,17.8,13.0,2.6,8.1,8.5
11252,Joe Flacco,CIN,QB,10,0,0,145.1,170.0,77.0,ACTIVE,12.2,8.8,3.7,1.3,,18.8,26.0,24.3,30.7,,9.9,9.6,,,,,
3040151,George Kittle,SF,TE,14,0,0,144.2,170.0,92.5,QUESTIONABLE,12.5,,,,,,,14.3,6.9,23.4,24.7,13.8,10.7,,22.8,15.1,
3150744,Chase McLaughlin,TB,K,9,0,0,143.0,170.0,89.3,ACTIVE,5.0,1.0,20.0,17.0,12.0,6.0,5.0,17.0,,5.0,8.0,1.0,10.0,9.0,11.0,8.0,8.0
4362887,Justin Fields,NYJ,QB,9,0,0,142.7,170.0,76.0,INJURY_RESERVE,29.5,4.0,,27.1,25.9,4.9,4.0,20.9,,7.0,19.3,,,,,,
4360516,Tyrone Tracy Jr.,NYG,RB,14,0,0,142.5,170.0,81.0,ACTIVE,5.5,9.1,5.6,,,0.6,10.6,7.3,6.7,8.1,17.9,16.0,4.3,,24.7,12.8,13.3
4432773,Brian Thomas Jr.,JAX,WR,8,0,0,142.4,170.0,83.2,ACTIVE,9.0,8.9,7.5,10.6,12.0,23.0,6.1,,8.5,,,,4.8,11.7,17.1,11.8,11.5
4596448,Bucky Irving,TB,RB,9,0,0,142.2,170.0,78.7,ACTIVE,14.5,18.1,13.9,25.5,,,,,,,,,16.1,16.1,8.1,15.2,14.7
4608686,Kyle Monangai,CHI,RB,5,0,0,142.1,170.0,82.8,ACTIVE,2.1,4.6,3.0,1.8,,5.4,17.4,2.4,22.8,8.8,10.7,10.8,19.0,8.7,3.3,11.0,10.3
4361741,Brock Purdy,SF,QB,14,0,0,141.4,170.0,69.0,ACTIVE,16.8,,,17.7,,,,,,,19.3,7.3,17.1,,26.2,17.5,19.5
4686361,Cam Little,JAX,K,8,0,0,138.8,170.0,86.6,ACTIVE,15.0,10.0,4.0,8.0,9.0,,,,16.0,13.0,5.0,13.0,6.0,11.0,12.0,8.1,8.6
2576980,Marcus Mariota,WSH,QB,12,0,0,138.8,170.0,73.0,DOUBTFUL,,,20.3,16.2,,,3.9,11.3,,18.7,15.4,,23.3,,14.7,14.9,
4689936,Jake Bates,DET,K,8,0,0,138.1,170.0,83.9,ACTIVE,7.0,9.0,8.0,13.0,5.0,5.0,7.0,,6.0,13.0,5.0,12.0,6.0,15.0,10.0,8.8,8.3
4241372,Hollywood Brown,KC,WR,10,0,0,138.0,170.0,84.0,ACTIVE,19.9,8.0,8.2,12.8,8.8,20.5,9.4,,9.3,,8.0,2.0,10.0,4.5,,9.5,7.1
4697815,Rachaad White,TB,RB,9,0,0,137.2,170.0,83.4,ACTIVE,2.6,14.6,2.4,8.6,23.1,17.6,8.4,8.1,,10.4,8.2,5.2,5.9,6.5,3.6,5.6,6.4
4426385,Zach Charbonnet,SEA,RB,8,0,0,137.0,170.0,82.2,ACTIVE,10.7,1.0,,12.4,11.8,4.7,19.5,,5.6,14.3,6.7,9.5,11.2,8.6,3.1,8.1,9.9
17372,Chris Boswell,PIT,K,5,0,0,136.8,170.0,81.3,ACTIVE,15.0,12.0,3.0,5.0,,14.0,8.0,20.0,10.0,5.0,10.0,4.0,1.0,9.0,4.0,8.6,8.3
4569923,Andy Borregales,NE,K,14,0,0,136.8,170.0,78.6,ACTIVE,7.0,9.0,2.0,6.0,13.0,5.0,7.0,13.0,6.0,4.0,9.0,18.0,14.0,,7.0,8.1,8.7
4429148,Theo Johnson,NYG,TE,14,0,0,136.6,170.0,91.9,QUESTIONABLE,1.5,7.4,2.0,10.7,21.3,4.7,15.6,5.0,11.7,14.5,6.6,10.7,5.9,,10.2,8.8,
4429205,Jordan Addison,MIN,WR,6,0,0,135.8,170.0,82.4,ACTIVE,,,,15.4,15.1,,21.8,11.6,8.4,6.5,10.0,,8.6,10.2,8.6,10.5,9.1
4567104,Will Reichard,MIN,K,6,0,0,135.7,170.0,75.9,ACTIVE,9.0,8.0,15.0,8.0,2.0,,18.0,5.0,11.0,9.0,5.0,10.0,,8.0,12.0,8.2,7.5
4034949,Eddy Pineiro,SF,K,14,0,0,135.3,170.0,70.6,ACTIVE,,10.0,12.0,7.0,17.0,18.0,11.0,1.0,12.0,2.0,14.0,,,,14.0,8.4,8.8
4432620,Parker Washington,JAX,WR,8,0,0,135.2,170.0,83.6,ACTIVE,,12.6,7.4,5.9,9.6,4.9,10.2,,17.0,17.9,4.0,18.1,3.6,,8.3,6.0,9.7
4576297,AJ Barner,SEA,TE,8,0,0,134.9,170.0,88.5,ACTIVE,1.2,10.8,3.3,12.2,24.3,10.1,1.9,,11.5,0.3,17.1,3.8,7.7,5.7,5.7,8.8,10.5
4697745,Tyler Loop,BAL,K,7,0,0,133.6,170.0,73.2,ACTIVE,13.0,12.0,7.0,9.0,3.0,3.0,,13.0,4.0,13.0,12.0,11.0,2.0,10.0,6.0,8.0,7.7
3116365,Mark Andrews,BAL,TE,7,0,0,133.0,170.0,89.2,ACTIVE,1.5,1.4,27.1,10.0,4.2,6.6,,6.4,16.6,10.4,15.7,2.1,8.7,1.9,3.8,8.6,8.1
4723086,Colston Loveland,CHI,TE,5,0,0,132.2,170.0,87.1,ACTIVE,3.2,,4.1,,,3.1,5.4,6.8,29.8,9.5,7.0,14.9,5.8,12.9,10.1,9.9,9.7
4241416,Chuba Hubbard,CAR,RB,14,0,0,131.8,170.0,79.3,ACTIVE,17.9,18.7,9.6,9.9,,,7.5,9.4,1.7,2.5,3.8,8.3,20.4,,4.8,9.9,7.5
4360234,Evan McPherson,CIN,K,10,0,0,131.3,170.0,65.2,ACTIVE,5.0,7.0,5.0,3.0,8.0,3.0,17.0,8.0,10.0,,8.0,13.0,24.0,4.0,,7.9,8.4
10621,Nick Folk,NYJ,K,9,0,0,130.9,170.0,67.9,ACTIVE,10.0,6.0,10.0,11.0,7.0,12.0,7.0,12.0,,9.0,2.0,5.0,10.0,4.0,11.0,7.5,7.4
4360689,Tyler Shough,NO,QB,11,0,0,130.7,170.0,67.0,ACTIVE,,,,,,,,4.3,9.2,19.0,,7.9,17.4,21.3,18.1,16.8,16.7
4241464,Mac Jones,SF,QB,14,0,0,130.6,170.0,74.0,ACTIVE,,21.8,13.3,,22.2,11.2,5.2,18.0,15.8,23.1,,,0.2,,,,
4595342,Oronde Gadsden,LAC,TE,12,0,0,129.6,170.0,87.8,ACTIVE,,,9.6,3.6,2.4,11.8,29.4,18.7,11.8,4.3,6.1,,3.7,1.7,10.1,9.8,6.6
4248528,Christian Watson,GB,WR,5,0,0,129.3,170.0,81.6,ACTIVE,,,,,,,,12.5,7.8,6.5,20.6,9.9,18.3,24.9,5.9,11.8,11.0
4243371,Riley Patterson,MIA,K,12,0,0,129.0,170.0,62.5,ACTIVE,,11.0,3.0,10.0,7.0,9.0,6.0,10.0,7.0,7.0,11.0,,14.0,13.0,5.0,8.0,7.9
-16007,Broncos D/ST,DEN,DST,12,0,0,128.8,170.0,93.6,ACTIVE,16.0,-5.0,8.0,10.0,7.0,17.0,4.0,6.0,7.0,16.0,7.0,,1.0,13.0,6.0,6.9,8.9
4688813,Josh Downs,IND,WR,11,0,0,128.0,170.0,82.0,ACTIVE,3.2,11.1,5.4,6.4,11.4,16.2,,12.9,15.7,1.3,,3.0,6.4,6.3,10.3,8.9,9.5
4696981,Cam Skattebo,NYG,RB,14,0,0,127.7,170.0,84.0,INJURY_RESERVE,2.9,13.9,24.1,13.0,14.4,31.0,18.4,10.0,,,,,,,,,
4685382,Omarion Hampton,LAC,RB,12,0,0,127.3,170.0,75.7,ACTIVE,8.1,3.5,24.9,27.5,13.0,,,,,,,,,14.7,7.5,13.2,14.9
4385690,Dalton Kincaid,BUF,TE,7,0,0,126.5,170.0,90.5,QUESTIONABLE,14.8,7.7,17.6,9.8,16.8,,,3.3,22.1,5.7,,,,14.1,6.4,8.2,
15835,Zach Ertz,WSH,TE,12,0,0,126.4,170.0,91.2,INJURY_RESERVE,11.6,18.4,6.8,6.1,,16.3,12.7,5.6,8.6,9.4,8.2,,20.6,2.1,,,
4433970,J.J. McCarthy,MIN,QB,6,0,0,126.1,170.0,70.0,QUESTIONABLE,22.2,2.8,,,,,,,18.9,14.7,6.0,0.5,,20.4,23.5,17.0,
4360569,Jordan Mason,MIN,RB,6,0,0,126.0,170.0,81.6,QUESTIONABLE,8.5,5.8,23.6,10.2,12.6,,11.7,1.6,4.7,4.1,10.5,4.2,5.8,11.2,2.9,8.6,
4683062,Xavier Worthy,KC,WR,10,0,0,125.8,170.0,81.2,QUESTIONABLE,,,,17.1,11.1,10.6,7.8,10.3,6.0,,5.5,9.9,11.4,8.5,5.5,12.5,9.6
-16030,Jaguars D/ST,JAX,DST,8,0,0,125.3,170.0,90.4,ACTIVE,12.0,7.0,13.0,14.0,2.0,1.0,-1.0,,3.0,8.0,12.0,6.0,14.0,11.0,11.0,5.7,6.6
4429022,Kayshon Boutte,NE,WR,14,0,0,125.0,170.0,82.8,QUESTIONABLE,16.3,8.6,4.8,2.8,7.3,26.3,13.5,16.5,,,,3.5,13.5,,4.0,7.9,
4373626,Tyler Allgeier,ATL,RB,5,0,0,124.6,170.0,78.1,ACTIVE,2.4,15.0,1.4,11.1,,10.8,1.6,9.4,0.6,17.7,9.6,5.9,13.5,8.7,1.8,8.2,6.9
4430968,Kimani Vidal,LAC,RB,12,0,0,123.8,170.0,79.8,QUESTIONABLE,,,,,2.9,22.8,7.5,19.7,3.0,17.8,3.2,,20.7,11.4,5.8,9.0,
3055899,Harrison Butker,KC,K,10,0,0,123.4,170.0,59.9,ACTIVE,11.0,6.0,12.0,12.0,4.0,6.0,7.0,4.0,8.0,,7.0,16.0,4.0,3.0,8.0,8.0,7.4
-16017,Patriots D/ST,NE,DST,14,0,0,122.4,170.0,84.0,ACTIVE,5.0,12.0,4.0,10.0,6.0,6.0,20.0,12.0,3.0,1.0,7.0,10.0,13.0,,-1.0,6.0,8.4
4575131,Jacory Croskey-Merritt,WSH,RB,12,0,0,121.9,170.0,77.5,QUESTIONABLE,14.2,1.7,10.1,7.7,27.0,5.8,4.2,2.5,5.1,3.0,4.3,,2.0,3.2,15.6,4.5,11.1
17427,Cairo Santos,CHI,K,5,0,0,121.8,170.0,54.5,ACTIVE,6.0,3.0,7.0,19.0,,,,10.0,10.0,6.0,15.0,8.0,6.0,8.0,7.0,8.3,8.4
-16005,Browns D/ST,CLE,DST,9,0,0,121.5,170.0,87.2,ACTIVE,7.0,2.0,14.0,3.0,7.0,,24.0,6.0,,8.0,16.0,17.0,3.0,4.0,1.0,4.3,5.2
2977187,Cooper Kupp,SEA,WR,8,0,0,121.2,170.0,80.8,ACTIVE,3.5,16.0,5.1,6.6,11.9,12.0,2.2,,,9.4,5.3,4.4,5.4,11.5,9.6,8.9,9.5
3124084,Joey Slye,TEN,K,10,0,0,120.9,170.0,57.2,ACTIVE,15.0,17.0,9.0,,13.0,,10.0,1.0,9.0,,10.0,6.0,3.0,8.0,5.0,7.4,7.5
4569173,Rhamondre Stevenson,NE,RB,14,0,0,120.5,170.0,75.1,ACTIVE,4.7,21.2,4.6,5.1,14.7,1.8,16.8,5.9,,,,2.0,11.0,,10.7,9.3,12.8
4036133,T.J. Hockenson,MIN,TE,6,0,0,120.3,170.0,86.4,QUESTIONABLE,4.5,2.2,15.9,7.9,9.8,,10.3,4.6,9.1,2.8,6.9,5.9,11.9,9.2,10.6,8.7,
4360423,Michael Penix Jr.,ATL,QB,5,0,0,120.3,170.0,72.0,INJURY_RESERVE,24.0,5.3,3.8,18.7,,14.6,12.2,,22.7,11.0,7.9,,,,,,
3042519,Aaron Jones Sr.,MIN,RB,6,0,0,118.9,170.0,73.9,ACTIVE,15.7,2.3,,,,,,5.0,11.8,15.9,11.1,8.7,4.5,7.6,9.5,14.1,12.7
4431268,Chimere Dike,TEN,WR,10,0,0,118.7,170.0,78.9,ACTIVE,0.9,2.8,3.5,,3.7,2.8,16.9,16.4,7.5,,3.4,21.4,,13.4,5.0,10.3,10.7
4241463,Jerry Jeudy,CLE,WR,9,0,0,117.3,170.0,80.4,ACTIVE,11.6,9.1,2.7,7.8,3.5,9.3,3.7,,,19.8,5.1,2.9,5.6,16.6,4.2,8.2,7.2
4572680,Tucker Kraft,GB,TE,5,0,0,117.2,170.0,89.8,INJURY_RESERVE,9.9,24.4,5.9,10.6,,12.3,16.8,33.3,4.0,,,,,,,,
4241985,J.K. Dobbins,DEN,RB,12,0,0,115.9,170.0,80.4,INJURY_RESERVE,14.8,15.5,15.3,11.5,15.4,4.0,9.0,14.1,6.9,9.4,,,,,,,
4429096,Blake Corum,LAR,RB,8,0,0,115.6,170.0,76.3,QUESTIONABLE,2.6,10.4,5.3,3.6,1.3,2.3,5.3,,5.8,5.6,1.5,2.4,14.1,26.1,13.1,6.4,9.8
4877706,Jayden Higgins,HOU,WR,6,0,0,115.0,170.0,80.0,ACTIVE,5.2,3.8,1.5,9.4,7.2,,,13.4,1.4,15.2,9.5,13.8,11.5,6.4,1.4,8.7,6.6
2985659,Wil Lutz,DEN,K,12,0,0,114.8,170.0,49.2,ACTIVE,8.0,3.0,9.0,4.0,9.0,9.0,5.0,9.0,3.0,3.0,18.0,,9.0,6.0,4.0,8.0,7.8
4242557,Colby Parkinson,LAR,TE,8,0,0,114.4,170.0,85.1,ACTIVE,,,,3.7,,,7.7,,3.0,14.1,9.4,14.1,6.7,12.2,24.5,9.6,9.4
4426348,Jayden Daniels,WSH,QB,12,0,0,114.3,170.0,71.0,OUT,20.1,19.7,,,17.1,21.6,17.7,,15.2,,,,,2.7,,,
-16014,Rams D/ST,LAR,DST,8,0,0,113.9,170.0,80.8,ACTIVE,12.0,9.0,7.0,6.0,-2.0,16.0,9.0,,10.0,5.0,5.0,20.0,1.0,6.0,-1.0,5.6,5.3
-16021,Eagles D/ST,PHI,DST,9,0,0,113.7,170.0,74.5,ACTIVE,2.0,7.0,12.0,13.0,1.0,,11.0,7.0,,12.0,7.0,,1.0,13.0,16.0,7.0,4.6
-16024,Chargers D/ST,LAC,DST,12,0,0,113.3,170.0,77.6,ACTIVE,2.0,14.0,4.0,8.0,2.0,8.0,-5.0,13.0,7.0,16.0,-1.0,,11.0,10.0,14.0,4.2,6.1
3050478,Jake Elliott,PHI,K,9,0,0,110.8,170.0,46.5,ACTIVE,8.0,12.0,3.0,7.0,5.0,6.0,3.0,8.0,,4.0,11.0,2.0,3.0,16.0,7.0,8.3,7.6
3121422,Terry McLaurin,WSH,WR,12,0,0,110.3,170.0,75.7,ACTIVE,4.7,9.8,10.4,,,,,14.4,,,,,22.6,7.1,15.9,12.6,12.8
4382466,Jalen Nailor,MIN,WR,6,0,0,108.5,170.0,77.7,ACTIVE,3.8,6.1,6.7,9.2,7.2,,5.7,,2.6,23.4,2.6,,,6.0,19.5,8.5,7.2
2991662,Mack Hollins,NE,WR,14,0,0,108.3,170.0,79.7,INJURY_RESERVE,1.3,7.8,6.7,7.4,,4.8,7.3,15.9,2.9,16.6,10.4,5.0,5.3,,8.1,8.8,
4430027,Sam LaPorta,DET,TE,8,0,0,106.9,170.0,85.8,INJURY_RESERVE,13.9,5.6,7.3,6.9,20.2,16.5,4.5,,21.7,10.3,,,,,,,
4259619,Blake Grupe,IND,K,11,0,0,106.9,170.0,41.1,ACTIVE,6.0,2.0,6.0,9.0,14.0,16.0,1.0,4.0,4.0,5.0,,2.0,,7.0,16.0,7.5,7.3
4569603,Malik Washington,MIA,WR,12,0,0,106.6,170.0,78.1,ACTIVE,4.9,9.5,6.2,4.1,4.0,6.3,8.0,13.6,7.1,9.3,7.2,,7.0,4.0,2.0,7.4,6.0
-16002,Bills D/ST,BUF,DST,7,0,0,105.9,170.0,68.1,ACTIVE,-2.0,12.0,4.0,7.0,6.0,1.0,,18.0,5.0,2.0,3.0,8.0,17.0,10.0,3.0,7.2,4.7
4360635,Chig Okonkwo,TEN,TE,10,0,0,105.3,170.0,84.4,ACTIVE,4.9,7.5,11.6,1.4,8.8,10.6,,9.3,3.0,,8.6,7.0,6.9,4.0,7.3,6.8,7.7
4685278,Luther Burden III,CHI,WR,5,0,0,104.6,170.0,77.3,QUESTIONABLE,0.7,1.5,19.8,1.6,,9.1,3.1,0.9,,8.1,5.7,9.1,7.6,11.0,14.4,,12.0
16339,Brandon McManus,GB,K,5,0,0,104.0,170.0,38.5,ACTIVE,9.0,10.0,3.0,12.0,,,,7.0,7.0,,,12.0,8.0,4.0,16.0,8.2,7.8
-16023,Steelers D/ST,PIT,DST,5,0,0,103.6,170.0,71.3,ACTIVE,1.0,4.0,15.0,9.0,,11.0,-4.0,-8.0,16.0,5.0,22.0,10.0,3.0,1.0,9.0,2.4,7.2
4568263,Ryan Fitzgerald,CAR,K,14,0,0,103.4,170.0,35.8,ACTIVE,5.0,4.0,15.0,,10.0,14.0,7.0,3.0,5.0,,10.0,2.0,7.0,,6.0,7.9,7.5
4240657,Michael Carter,ARI,RB,8,0,0,103.2,170.0,71.0,ACTIVE,,,,0.1,18.3,8.4,5.6,,,0.4,7.8,8.8,11.4,5.1,13.4,11.0,12.9
11122,Matt Prater,BUF,K,7,0,0,103.0,170.0,51.8,ACTIVE,12.0,14.0,7.0,7.0,9.0,2.0,,12.0,3.0,1.0,8.0,8.0,8.0,7.0,5.0,,
4361411,Pat Freiermuth,PIT,TE,5,0,0,102.1,170.0,83.7,ACTIVE,5.8,6.1,1.6,,,2.1,28.1,4.3,11.7,6.3,2.9,10.9,,2.9,7.5,6.3,5.6
4686728,Gunnar Helm,TEN,TE,10,0,0,102.1,170.0,81.7,QUESTIONABLE,2.6,2.9,5.7,2.2,7.4,3.5,7.6,10.3,2.5,,6.9,11.1,8.3,1.8,14.9,7.8,6.6
4427095,DeMario Douglas,NE,WR,14,0,0,101.9,170.0,76.5,ACTIVE,8.2,1.8,2.7,,3.7,16.1,4.7,5.7,20.0,5.4,6.1,6.1,6.3,,0.5,5.4,9.2
4363538,Chad Ryland,ARI,K,8,0,0,101.5,170.0,43.8,ACTIVE,10.0,10.0,6.0,10.0,3.0,11.0,12.0,,10.0,2.0,3.0,5.0,6.0,4.0,2.0,7.5,
3054850,Alvin Kamara,NO,RB,11,0,0,100.7,170.0,76.9,QUESTIONABLE,13.7,16.0,6.6,11.2,9.5,12.6,5.9,6.5,0.7,14.5,,3.5,,,,,
3915511,Joe Burrow,CIN,QB,10,0,0,100.2,170.0,61.0,ACTIVE,8.8,7.0,,,,,,,,,,,19.2,23.4,5.5,17.1,19.1
4883647,Elic Ayomanor,TEN,WR,10,0,0,100.2,170.0,76.1,ACTIVE,3.3,15.6,13.8,6.4,3.8,5.7,4.9,9.2,7.6,,3.1,,1.5,8.4,2.7,7.3,6.8
3916945,Darius Slayton,NYG,WR,14,0,0,99.6,170.0,74.6,ACTIVE,,8.1,7.0,7.4,4.1,,,4.6,11.2,12.9,,3.3,14.1,,9.3,9.1,8.5
4569618,Garrett Wilson,NYJ,WR,9,0,0,99.5,170.0,79.3,INJURY_RESERVE,22.5,9.0,24.4,20.2,19.1,4.3,,,,,,,,,,,
5083754,Ryan Flournoy,DAL,WR,10,0,0,99.3,170.0,76.9,QUESTIONABLE,,,4.1,4.6,18.4,6.3,,1.7,9.2,,7.2,,6.4,26.5,8.0,6.9,
4243331,Cade Otton,TB,TE,9,0,0,99.2,170.0,83.0,ACTIVE,,5.5,,3.9,12.1,10.1,13.5,8.0,,17.2,4.8,6.1,2.9,4.9,,5.5,4.7
4426339,Spencer Rattler,NO,QB,11,0,0,99.1,170.0,68.0,ACTIVE,11.5,21.7,11.7,13.9,16.1,11.1,10.5,2.6,,,,,,,,,
2576925,Darren Waller,MIA,TE,12,0,0,99.0,170.0,79.0,QUESTIONABLE,,,,17.7,18.8,9.2,,,,,,,6.7,2.7,25.6,9.4,9.0
-16018,Saints D/ST,NO,DST,11,0,0,98.5,170.0,55.3,ACTIVE,9.0,5.0,-1.0,3.0,18.0,1.0,2.0,8.0,-2.0,14.0,,11.0,8.0,2.0,6.0,8.2,6.2
4428557,Tyjae Spears,TEN,RB,10,0,0,98.0,170.0,71.5,ACTIVE,,,,,1.4,9.0,7.0,17.2,9.2,,8.4,6.5,8.4,6.7,5.6,8.7,9.9
3930086,Dawson Knox,BUF,TE,7,0,0,97.0,170.0,79.7,QUESTIONABLE,4.0,3.9,,,3.5,8.9,,2.5,4.0,6.7,3.3,4.7,5.8,17.3,18.7,6.3,7.4
3051876,Evan Engram,DEN,TE,12,0,0,96.8,170.0,80.3,ACTIVE,5.1,2.2,,6.9,13.3,9.9,9.2,7.6,,3.2,7.3,,13.9,2.8,2.2,6.7,6.5
4258620,Andre Szmyt,CLE,K,9,0,0,96.5,170.0,33.1,ACTIVE,4.0,5.0,9.0,3.0,5.0,11.0,7.0,,,9.0,11.0,8.0,,5.0,5.0,7.2,7.2
3128720,Nick Chubb,HOU,RB,6,0,0,95.5,170.0,72.7,ACTIVE,6.0,15.2,7.0,8.2,12.1,,2.1,8.9,3.4,6.2,1.7,2.5,9.4,0.3,,9.6,2.9
14880,Kirk Cousins,ATL,QB,5,0,0,95.5,170.0,63.0,ACTIVE,,,1.2,,,,,7.1,,,2.1,14.5,13.4,2.5,26.9,14.7,13.2
-16001,Falcons D/ST,ATL,DST,5,0,0,94.8,170.0,64.9,ACTIVE,3.0,21.0,5.0,6.0,,11.0,3.0,,10.0,4.0,-1.0,15.0,4.0,,6.0,5.6,2.3
-16016,Vikings D/ST,MIN,DST,6,0,0,94.6,170.0,58.5,ACTIVE,4.0,5.0,32.0,4.0,3.0,,2.0,-2.0,9.0,1.0,2.0,3.0,8.0,15.0,-1.0,6.3,3.4
4597500,Adonai Mitchell,NYJ,WR,9,0,0,94.6,170.0,71.4,ACTIVE,4.1,4.0,,10.6,,,1.8,,,,2.0,6.2,24.2,3.4,17.4,10.8,10.1
4430539,Brenton Strange,JAX,TE,8,0,0,94.4,170.0,78.3,ACTIVE,9.9,4.7,12.1,10.5,3.2,,,,,,,14.3,13.5,5.7,3.6,8.2,8.8
4635008,Keon Coleman,BUF,WR,7,0,0,93.5,170.0,78.5,ACTIVE,25.2,5.6,5.0,7.5,10.3,4.1,,6.0,3.7,13.6,,,8.9,3.6,,,
-16003,Bears D/ST,CHI,DST,5,0,0,93.5,170.0,61.7,ACTIVE,13.0,-11.0,10.0,9.0,,9.0,15.0,,1.0,3.0,7.0,6.0,5.0,2.0,18.0,2.8,3.7
4427728,Bam Knight,ARI,RB,8,0,0,93.1,170.0,74.5,INJURY_RESERVE,,,,,9.4,12.4,9.4,,6.7,4.3,14.5,13.2,16.8,6.4,,,
3917914,Olamide Zaccheaus,CHI,WR,5,0,0,93.0,170.0,72.6,QUESTIONABLE,8.2,4.1,6.6,9.1,,4.8,2.9,10.3,17.8,1.5,,1.6,3.9,8.7,,8.1,5.4
4430034,Xavier Legette,CAR,WR,14,0,0,92.9,170.0,73.4,ACTIVE,4.0,0.8,,,11.1,3.1,24.2,3.7,3.2,,18.3,5.2,1.1,,5.9,6.8,5.5
4040761,Devin Singletary,NYG,RB,14,0,0,92.5,170.0,69.2,ACTIVE,0.9,1.0,1.1,2.8,3.4,1.0,0.2,3.8,7.1,10.3,17.7,4.7,19.2,,2.4,7.5,9.4
3045523,Kendrick Bourne,SF,WR,14,0,0,92.0,170.0,75.0,ACTIVE,,6.2,7.8,2.7,24.2,19.2,3.4,7.4,5.4,2.9,,,,,3.7,4.7,4.4
-16009,Packers D/ST,GB,DST,5,0,0,90.9,170.0,52.1,ACTIVE,11.0,6.0,9.0,-5.0,,3.0,8.0,7.0,6.0,7.0,6.0,18.0,2.0,3.0,,3.6,6.3
4686472,Marvin Mims Jr.,DEN,WR,12,0,0,90.8,170.0,73.0,ACTIVE,2.2,10.4,1.4,20.5,3.9,4.8,15.8,1.8,,,0.2,,3.7,7.7,7.7,3.1,7.6
4430871,Sean Tucker,TB,RB,9,0,0,90.6,170.0,73.3,ACTIVE,0.2,,,,2.9,8.5,1.6,10.2,,6.1,34.0,5.6,,8.9,6.7,2.6,3.3
-16008,Lions D/ST,DET,DST,8,0,0,89.7,170.0,45.7,ACTIVE,2.0,8.0,8.0,20.0,10.0,1.0,13.0,,9.0,4.0,4.0,-3.0,-2.0,7.0,-5.0,5.4,8.3
4361529,Isiah Pacheco,KC,RB,10,0,0,89.7,170.0,68.6,ACTIVE,4.8,3.9,5.8,12.8,8.6,6.1,12.4,5.8,,,,,5.3,3.0,2.1,9.3,9.8
4808766,Mason Taylor,NYJ,TE,9,0,0,88.9,170.0,82.4,QUESTIONABLE,3.0,1.5,5.8,11.5,17.7,1.2,6.1,14.4,,1.4,7.0,5.1,4.1,10.1,,,
-16011,Colts D/ST,IND,DST,11,0,0,88.8,170.0,48.9,ACTIVE,14.0,1.0,16.0,,16.0,1.0,4.0,7.0,7.0,7.0,,3.0,3.0,,1.0,4.3,4.5
3051909,Daniel Carlson,LV,K,8,0,0,87.8,170.0,30.4,ACTIVE,10.0,12.0,4.0,5.0,5.0,10.0,,,5.0,,11.0,4.0,2.0,6.0,,6.6,7.2
-16015,Dolphins D/ST,MIA,DST,12,0,0,87.2,170.0,42.5,ACTIVE,-3.0,8.0,,5.0,4.0,-1.0,4.0,8.0,1.0,11.0,7.0,,13.0,17.0,2.0,6.2,5.0
3123076,David Njoku,CLE,TE,9,0,0,86.3,170.0,81.0,QUESTIONABLE,6.7,8.0,9.0,3.1,18.7,5.8,,13.7,,10.1,1.7,,2.4,7.1,,,
5081397,Dylan Sampson,CLE,RB,9,0,0,86.3,170.0,69.8,ACTIVE,17.3,10.9,0.2,,1.2,4.4,2.7,7.9,,0.9,1.9,16.2,2.3,9.8,,,10.6
4608810,Tez Johnson,TB,WR,9,0,0,86.2,170.0,75.3,ACTIVE,,,,2.3,9.9,11.5,15.8,9.3,,20.2,1.6,12.3,1.5,,,0.7,1.1
4686422,Xavier Hutchinson,HOU,WR,6,0,0,86.0,170.0,72.2,ACTIVE,5.5,4.9,4.6,3.7,16.8,,2.3,17.9,6.0,,7.2,0.9,5.9,,2.6,4.2,3.5
4887558,Emanuel Wilson,GB,RB,5,0,0,85.2,170.0,70.4,ACTIVE,0.4,,2.5,11.1,,1.7,2.5,11.7,2.7,1.4,13.9,26.5,1.4,1.0,0.3,4.1,4.0
3054212,Jonnu Smith,PIT,TE,5,0,0,84.5,170.0,76.9,ACTIVE,12.5,6.7,5.3,2.6,,5.8,11.8,3.7,5.5,1.4,,5.8,1.6,,10.6,6.0,5.2
4432762,Shedeur Sanders,CLE,QB,9,0,0,84.4,170.0,59.0,ACTIVE,,,,,,,,,,,1.5,10.3,10.6,33.5,3.5,13.0,12.1
4368003,Andrei Iosivas,CIN,WR,10,0,0,84.1,170.0,71.8,ACTIVE,,2.2,,3.7,13.2,1.5,7.9,,18.0,,5.0,10.6,9.9,3.7,,4.6,3.8
4428209,Ricky Pearsall,SF,WR,14,0,0,84.0,170.0,70.7,QUESTIONABLE,14.8,9.2,19.7,8.6,,,,,,,1.0,2.8,3.4,,15.6,,8.9
-16029,Panthers D/ST,CAR,DST,14,0,0,83.9,170.0,39.3,ACTIVE,1.0,5.0,17.0,-2.0,5.0,2.0,16.0,-4.0,7.0,4.0,2.0,6.0,12.0,,5.0,4.7,3.2
4259147,Jake Tonges,SF,TE,14,0,0,83.4,170.0,76.3,ACTIVE,10.5,7.1,4.1,14.8,17.1,11.8,,7.2,,,,,,,,,10.8
-16027,Buccaneers D/ST,TB,DST,9,0,0,82.6,170.0,36.1,ACTIVE,,5.0,16.0,5.0,-4.0,9.0,7.0,25.0,,-1.0,,,6.0,7.0,-3.0,5.1,5.5
-16012,Chiefs D/ST,KC,DST,10,0,0,82.0,170.0,32.9,ACTIVE,2.0,4.0,13.0,5.0,7.0,4.0,13.0,11.0,-1.0,,2.0,2.0,-4.0,5.0,9.0,6.5,3.5
2976592,Sterling Shepard,TB,WR,9,0,0,82.0,170.0,74.2,ACTIVE,6.9,7.4,12.0,4.0,11.9,7.1,7.5,1.8,,6.1,10.1,4.2,1.5,1.5,,,
4882093,Bhayshul Tuten,JAX,RB,8,0,0,81.8,170.0,72.1,ACTIVE,1.1,15.4,8.1,3.2,2.1,4.8,2.2,,9.6,2.0,13.4,1.7,8.9,,9.3,,
4695883,Jalen Coker,CAR,WR,14,0,0,81.3,170.0,66.7,ACTIVE,,,,,,,,6.6,1.9,5.1,11.2,6.2,17.4,,14.0,10.2,8.7
4362921,Tyquan Thornton,KC,WR,10,0,0,80.8,170.0,73.8,INJURY_RESERVE,6.1,13.9,18.1,8.1,12.0,,4.9,,,,7.1,,,3.9,6.7,,
16737,Mike Evans,TB,WR,9,0,0,79.7,170.0,63.2,ACTIVE,10.1,10.6,13.3,,,,,,,,,,,,19.2,12.9,13.6
4040655,Darnell Mooney,ATL,WR,5,0,0,79.6,170.0,69.5,ACTIVE,,4.0,8.4,2.5,,,9.8,2.1,2.5,2.7,6.4,16.4,4.5,1.6,6.5,6.3,5.9
3120348,JuJu Smith-Schuster,KC,WR,10,0,0,79.2,170.0,67.1,ACTIVE,10.5,1.5,9.5,13.6,3.7,8.7,6.5,4.9,1.2,,,1.8,,1.5,,8.0,7.8
4258595,Cole Kmet,CHI,TE,5,0,0,78.1,170.0,75.6,ACTIVE,4.1,4.9,8.0,7.6,,1.0,2.6,,2.0,1.5,9.5,1.3,12.6,6.2,4.8,5.9,6.1
3917315,Kyler Murray,ARI,QB,8,0,0,77.8,170.0,66.0,INJURY_RESERVE,18.3,14.0,14.1,16.1,15.3,,,,,,,,,,,,
4036131,Noah Fant,CIN,TE,10,0,0,77.8,170.0,77.6,ACTIVE,12.6,5.8,5.6,,,6.7,14.4,7.1,10.8,,6.6,1.9,1.3,2.5,,,2.5
3915411,Ty Johnson,BUF,RB,7,0,0,77.8,170.0,67.4,ACTIVE,2.4,0.6,3.1,,1.0,2.6,,0.6,10.0,4.6,15.0,8.2,5.5,5.9,5.8,6.6,5.9
4430802,Darnell Washington,PIT,TE,5,0,0,77.6,170.0,74.9,INJURY_RESERVE,,2.0,,5.0,,9.2,9.2,,8.3,2.5,10.7,4.2,6.5,2.2,5.5,6.5,5.9
-16033,Ravens D/ST,BAL,DST,7,0,0,76.8,170.0,29.7,ACTIVE,-7.0,15.0,-6.0,-3.0,-4.0,7.0,,3.0,12.0,6.0,11.0,12.0,1.0,,20.0,4.6,5.2
4428850,Dontayvion Wicks,GB,WR,5,0,0,76.7,170.0,70.3,QUESTIONABLE,5.0,8.4,4.1,3.9,,3.5,1.5,,,7.8,1.9,5.2,28.0,,1.6,1.7,4.0
3127586,Jeremy McNichols,WSH,RB,12,0,0,75.7,170.0,66.2,ACTIVE,2.5,,13.8,1.3,2.8,6.5,6.5,11.8,,3.9,4.9,,5.0,1.2,1.2,4.6,9.6
4567096,John Metchie III,NYJ,WR,9,0,0,75.1,170.0,65.2,ACTIVE,,1.0,1.8,3.0,,,,,,0.6,13.5,18.5,5.7,7.4,6.9,9.0,7.7
4037235,Greg Dortch,ARI,WR,8,0,0,75.1,170.0,71.0,INJURY_RESERVE,0.8,2.1,2.8,7.9,3.2,9.9,2.5,,0.9,6.2,18.6,16.8,3.4,,,,
3676833,KaVontae Turpin,DAL,WR,10,0,0,74.7,170.0,67.5,ACTIVE,4.7,15.3,8.8,6.4,,,2.7,0.8,3.3,,1.0,4.2,8.1,5.0,3.2,4.1,7.2
2577327,Tyler Lockett,LV,WR,8,0,0,73.1,170.0,66.3,ACTIVE,,2.9,7.7,,7.6,1.0,3.8,,,9.4,6.3,10.2,2.1,7.1,3.0,4.9,7.1
4243389,Calvin Austin III,PIT,WR,5,0,0,72.6,170.0,69.9,QUESTIONABLE,17.0,3.2,12.4,3.3,,,,6.8,10.6,3.4,1.5,7.6,,4.1,,2.7,
4701936,Matthew Golden,GB,WR,5,0,0,72.0,170.0,68.7,ACTIVE,3.6,1.5,10.1,11.3,,13.2,7.7,3.4,2.9,,3.4,,,,8.5,3.6,2.8
3930066,Van Jefferson,TEN,WR,10,0,0,71.5,170.0,64.8,OUT,,3.0,1.8,1.6,,11.5,8.1,1.6,3.1,,11.2,2.1,5.0,3.7,5.3,7.8,5.8
-16022,Cardinals D/ST,ARI,DST,8,0,0,71.4,170.0,26.5,ACTIVE,4.0,12.0,5.0,2.0,6.0,1.0,3.0,,12.0,5.0,2.0,16.0,4.0,-9.0,1.0,3.4,4.0
3043234,Zane Gonzalez,ATL,K,5,0,0,70.9,170.0,25.1,ACTIVE,,,,,,,,,,6.0,12.0,15.0,7.0,9.0,6.0,8.0,7.8
3116165,Chris Godwin Jr.,TB,WR,9,0,0,70.7,170.0,60.9,ACTIVE,,,,5.6,5.6,,,,,,,2.9,10.8,10.5,14.0,10.7,10.5
4362619,Chris Rodriguez Jr.,WSH,RB,12,0,0,70.7,170.0,66.8,ACTIVE,,,3.9,5.9,0.7,,7.2,0.2,12.5,7.6,9.5,,10.1,5.2,,7.9,
2573079,Carson Wentz,MIN,QB,6,0,0,70.3,170.0,65.0,INJURY_RESERVE,,,15.3,21.2,14.7,,11.3,7.8,,,,,,,,,
4427238,Dillon Gabriel,CLE,QB,9,0,0,70.1,170.0,64.0,QUESTIONABLE,,4.8,,,16.1,8.8,5.8,11.5,,20.1,2.9,,,,,,
4426553,Davis Allen,LAR,TE,8,0,0,67.6,170.0,74.2,ACTIVE,8.3,7.8,1.3,1.0,4.4,1.7,1.4,,6.7,8.8,,5.9,1.4,4.1,4.6,4.5,5.7
4695404,Isaiah Davis,NYJ,RB,9,0,0,67.4,170.0,65.0,QUESTIONABLE,1.8,1.6,,4.7,6.3,1.1,5.2,17.9,,2.1,1.1,0.7,,2.2,13.5,4.0,5.3
4372066,Jake Moody,WSH,K,12,0,0,67.0,170.0,19.7,ACTIVE,3.0,,,,,15.0,14.0,,,,,,8.0,,13.0,6.9,7.0
4600981,Pat Bryant,DEN,WR,12,0,0,66.7,170.0,65.6,QUESTIONABLE,,3.8,,,,4.2,1.6,12.0,4.0,5.3,13.2,,7.2,7.2,,8.2,
4569559,Devaughn Vele,NO,WR,11,0,0,66.3,170.0,69.1,INJURY_RESERVE,2.3,7.3,,,3.3,,,2.0,,2.5,,6.7,23.3,7.0,11.9,,
4242546,Davis Mills,HOU,QB,6,0,0,66.0,170.0,62.0,ACTIVE,,,,,1.2,,,,6.2,27.7,16.4,14.5,,,,,
15795,DeAndre Hopkins,BAL,WR,7,0,0,65.8,170.0,66.0,ACTIVE,11.5,14.4,2.3,,6.6,4.0,,2.4,,3.6,2.1,3.3,4.5,,4.2,3.1,3.8
4241474,Brian Robinson Jr.,SF,RB,14,0,0,65.6,170.0,64.4,ACTIVE,4.7,2.9,2.2,2.1,1.2,3.8,3.6,,11.3,11.5,2.4,5.4,2.6,,2.1,4.5,5.3
4038441,Justice Hill,BAL,RB,7,0,0,65.3,170.0,68.0,INJURY_RESERVE,,5.5,7.5,28.7,2.2,9.4,,0.2,3.5,8.3,,,,,,,
4686612,Tre' Harris,LAC,WR,12,0,0,65.2,170.0,62.8,ACTIVE,2.1,5.4,,,,6.7,4.3,8.8,3.8,2.4,2.2,,6.0,3.1,7.9,6.2,6.3
4597703,Tory Horton,SEA,WR,8,0,0,65.1,170.0,68.3,INJURY_RESERVE,,11.2,18.2,2.0,12.9,,,,20.8,,,,,,,,
-16010,Titans D/ST,TEN,DST,10,0,0,64.7,170.0,23.4,ACTIVE,9.0,1.0,-4.0,1.0,4.0,6.0,3.0,-3.0,20.0,,5.0,5.0,5.0,4.0,-2.0,5.4,5.2
4574716,Harrison Mevis,LAR,K,8,0,0,64.2,170.0,17.1,ACTIVE,,,,,,,,,,6.0,3.0,13.0,4.0,9.0,12.0,8.2,9.0
4685415,Travis Hunter,JAX,WR,8,0,0,63.8,170.0,67.9,INJURY_RESERVE,9.3,5.2,3.1,7.2,9.4,5.5,24.1,,,,,,,,,,
3116389,Samaje Perine,CIN,RB,10,0,0,63.7,170.0,63.2,ACTIVE,2.6,,0.1,0.4,4.9,5.2,3.1,17.0,0.5,,,,5.4,4.8,5.3,6.5,8.0
4360939,Rashod Bateman,BAL,WR,7,0,0,63.3,170.0,64.0,QUESTIONABLE,3.0,3.5,17.3,3.4,,1.8,,7.1,9.3,4.0,,,,4.3,,5.4,4.2
4361050,Isaiah Likely,BAL,TE,7,0,0,62.6,170.0,72.9,ACTIVE,,,,,2.2,2.6,,2.8,9.0,3.7,3.5,2.0,12.5,12.5,,6.9,4.9
3116164,Mike Gesicki,CIN,TE,10,0,0,62.4,170.0,72.2,ACTIVE,2.4,4.8,1.6,1.8,3.5,,,,,,,7.5,3.9,20.6,2.1,6.9,7.3
4362478,Emari Demercado,ARI,RB,8,0,0,61.2,170.0,61.5,ACTIVE,,,,10.1,6.1,0.1,,,8.8,13.4,4.0,,,,2.1,9.5,7.1
14163,Tyrod Taylor,NYJ,QB,9,0,0,61.2,170.0,60.0,ACTIVE,,8.3,16.7,,,,2.1,,,,,12.8,21.3,,,,
4566192,Joshua Karty,ARI,K,8,0,0,60.7,170.0,22.4,ACTIVE,2.0,9.0,15.0,10.0,5.0,4.0,5.0,,3.0,,,,,,,,7.7
4682652,Devin Neal,NO,RB,11,0,0,60.0,170.0,65.6,INJURY_RESERVE,0.9,,,,,,0.1,4.1,2.2,6.1,,11.1,9.9,15.4,10.2,,
4429086,Michael Mayer,LV,TE,8,0,0,59.9,170.0,70.2,ACTIVE,7.8,2.9,,,,16.0,2.0,,5.6,5.2,4.3,2.4,,,,3.8,9.9
4808839,Isaiah Bond,CLE,WR,9,0,0,59.8,170.0,58.9,ACTIVE,1.5,2.5,3.6,8.8,4.9,2.9,,,,,0.8,7.8,3.7,,10.9,6.6,5.7
4369863,Cedric Tillman,CLE,WR,9,0,0,59.6,170.0,61.7,ACTIVE,16.2,10.2,5.6,1.6,,,,,,3.1,8.2,1.5,,3.3,,6.0,3.9
4596334,Keaton Mitchell,BAL,RB,7,0,0,59.5,170.0,62.7,ACTIVE,,,,,2.3,,,4.3,2.8,3.1,7.4,2.9,11.1,7.6,6.6,5.5,5.8
-16013,Raiders D/ST,LV,DST,8,0,0,59.3,170.0,20.2,ACTIVE,9.0,4.0,-3.0,5.0,-3.0,17.0,-3.0,,1.0,11.0,1.0,7.0,4.0,2.0,-1.0,3.7,4.6
3895856,Christian Kirk,HOU,WR,6,0,0,58.6,170.0,60.1,ACTIVE,,,5.5,5.0,10.4,,,,6.6,1.3,1.6,16.4,,1.6,,4.2,6.0
-16025,49ers D/ST,SF,DST,14,0,0,57.5,170.0,17.0,ACTIVE,10.0,5.0,6.0,,2.0,-1.0,9.0,-3.0,4.0,-5.0,1.0,10.0,12.0,,,4.7,2.8
4711533,Ollie Gordon II,MIA,RB,12,0,0,57.4,170.0,63.8,ACTIVE,1.3,2.3,9.8,1.0,,1.2,2.3,13.6,1.9,,10.5,,1.0,7.7,,3.4,1.4
4595348,Malik Nabers,NYG,WR,14,0,0,57.1,170.0,64.4,INJURY_RESERVE,12.1,37.7,3.3,4.0,,,,,,,,,,,,,
4242433,Joshua Palmer,BUF,WR,7,0,0,56.8,170.0,59.3,ACTIVE,11.1,6.7,1.5,4.5,5.6,8.0,,,,,3.7,4.1,,,2.6,4.9,4.1
4571557,Spencer Shrader,IND,K,11,0,0,56.0,170.0,27.8,INJURY_RESERVE,16.0,18.0,10.0,10.0,2.0,,,,,,,,,,,,
4428085,Luke Musgrave,GB,TE,5,0,0,55.6,170.0,66.8,ACTIVE,1.4,5.2,,1.6,,1.7,,1.5,6.4,5.3,0.9,1.7,3.3,4.2,9.2,6.8,6.3
4586312,Jaylin Noel,HOU,WR,6,0,0,55.1,170.0,62.4,ACTIVE,1.7,,1.4,1.0,9.8,,11.7,11.3,,7.5,2.2,1.9,,3.3,,2.0,1.3
4372780,Tommy Tremble,CAR,TE,14,0,0,54.5,170.0,71.5,ACTIVE,1.2,5.0,3.6,15.2,1.7,7.9,1.0,1.4,,,6.4,,1.2,,3.3,3.2,3.4
3921690,Josh Oliver,MIN,TE,6,0,0,54.4,170.0,68.1,ACTIVE,1.5,,8.2,,11.5,,1.9,,,,0.7,1.4,,16.4,2.8,3.4,6.6
4431588,Ja'Tavion Sanders,CAR,TE,14,0,0,53.9,170.0,69.5,OUT,4.7,12.4,3.1,,,,,4.9,1.5,8.2,6.2,1.6,,,2.5,4.6,4.2
4362249,Jayden Reed,GB,WR,5,0,0,53.7,170.0,52.3,ACTIVE,13.5,,,,,,,,,,,,,9.3,10.5,11.2,9.2
4361516,Daniel Bellinger,NYG,TE,14,0,0,53.7,170.0,68.8,ACTIVE,2.4,,1.6,2.3,9.2,,17.8,3.1,,1.8,,,,,6.5,3.4,5.6
3116406,Tyreek Hill,MIA,WR,12,0,0,53.5,170.0,63.6,INJURY_RESERVE,8.0,16.9,15.9,12.7,,,,,,,,,,,,,
3134353,Tim Patrick,JAX,WR,8,0,0,53.5,170.0,59.7,ACTIVE,,,2.6,0.9,,9.6,3.2,,,,11.0,,2.1,18.8,,3.1,2.2
4573699,Jackson Hawes,BUF,TE,7,0,0,53.2,170.0,70.8,ACTIVE,3.9,1.5,7.5,2.5,,,,3.5,2.8,9.6,,4.6,2.0,7.3,1.9,2.0,4.1
-16020,Jets D/ST,NYJ,DST,9,0,0,52.6,170.0,13.8,ACTIVE,5.0,-3.0,9.0,,-5.0,10.0,5.0,-3.0,,20.0,1.0,3.0,3.0,5.0,-6.0,5.2,3.4
4602667,Jaylin Lane,WSH,WR,12,0,0,52.5,170.0,60.5,INJURY_RESERVE,2.1,1.2,6.8,3.8,2.6,5.4,9.0,1.0,3.9,5.1,2.3,,,,6.0,3.3,
5123663,Isaac TeSlaa,DET,WR,8,0,0,51.8,170.0,58.1,ACTIVE,8.3,3.9,,,8.2,,,,,2.1,,,11.5,10.0,,3.7,4.1
16002,Kyle Juszczyk,SF,RB,14,0,0,51.5,170.0,62.1,QUESTIONABLE,5.2,1.5,7.1,6.2,5.0,1.9,1.8,1.4,2.2,2.8,4.6,,4.7,,1.7,2.6,2.8
4426948,Luke McCaffrey,WSH,WR,12,0,0,51.3,170.0,62.0,INJURY_RESERVE,,4.9,14.6,10.1,6.0,10.3,,5.4,,,,,,,,,
2573401,Tyler Higbee,LAR,TE,8,0,0,51.0,170.0,73.6,INJURY_RESERVE,,7.7,,4.5,,14.0,4.9,,10.3,6.3,3.3,,,,,,
4569371,Isaiah Williams,NYJ,WR,9,0,0,51.0,170.0,57.0,ACTIVE,,,,,,,,8.6,,7.4,1.6,,,10.4,11.3,5.8,5.9
3871102,David Sills V,ATL,WR,5,0,0,50.6,170.0,57.3,ACTIVE,,,1.9,,,,,3.4,,,2.1,9.6,9.5,,13.8,5.6,4.7
4361372,Jeremy Ruckert,NYJ,TE,9,0,0,50.4,170.0,66.1,ACTIVE,3.6,7.5,,3.3,6.8,,,3.4,,1.0,6.3,,3.2,3.9,3.3,4.1,4.0
4596602,Brashard Smith,KC,RB,10,0,0,49.8,170.0,60.9,ACTIVE,,0.2,1.3,6.6,6.6,5.1,13.1,0.8,0.7,,2.8,6.6,,0.7,0.1,2.3,2.9
14881,Russell Wilson,NYG,QB,14,0,0,49.8,170.0,58.0,ACTIVE,11.1,30.3,5.1,0.3,,,,,,3.0,,,,,,,
4361577,Dyami Brown,JAX,WR,8,0,0,49.6,170.0,61.3,ACTIVE,8.8,17.6,2.7,,3.5,4.0,7.0,,5.9,,,,,,,0.0,0.0
3043275,Austin Hooper,NE,TE,14,0,0,49.4,170.0,67.5,ACTIVE,2.0,6.8,4.8,3.4,,1.5,9.1,5.8,3.0,,,6.9,,,,2.2,3.9
3886812,Jake Browning,CIN,QB,10,0,0,48.7,170.0,57.0,ACTIVE,,17.7,5.9,5.4,19.1,,,,,,,0.6,,,,,
3050481,Tanner Hudson,CIN,TE,10,0,0,47.8,170.0,65.4,ACTIVE,,,,,,11.0,,1.9,6.2,,5.2,1.9,8.4,2.1,4.6,4.1,2.4
-16006,Cowboys D/ST,DAL,DST,10,0,0,47.5,170.0,10.6,ACTIVE,1.0,-4.0,-2.0,-1.0,6.0,-1.0,14.0,-4.0,13.0,,11.0,5.0,1.0,-3.0,1.0,4.6,5.9
3925357,Calvin Ridley,TEN,WR,10,0,0,47.3,170.0,58.5,INJURY_RESERVE,6.7,8.7,3.7,5.0,18.1,2.8,,,,,2.3,,,,,,
2973405,Kalif Raymond,DET,WR,8,0,0,46.2,170.0,57.7,ACTIVE,3.6,3.3,1.4,9.3,,,4.7,,,9.9,,5.7,,,3.0,2.4,2.8
3043116,Demarcus Robinson,SF,WR,14,0,0,46.0,170.0,55.0,ACTIVE,,,,3.0,6.9,6.4,,4.5,,6.4,2.3,1.8,0.6,,5.6,4.7,3.8
4361409,Jahan Dotson,PHI,WR,9,0,0,45.6,170.0,55.8,ACTIVE,8.9,1.4,1.7,,3.4,2.7,,11.0,,,6.3,,2.2,1.3,,3.6,3.1
4683243,Mitchell Evans,CAR,TE,14,0,0,45.3,170.0,64.7,ACTIVE,,1.9,1.9,11.3,7.4,3.1,4.4,,,,4.8,,5.0,,,2.7,2.9
4426844,Elijah Higgins,ARI,TE,8,0,0,44.7,170.0,62.0,ACTIVE,1.3,6.5,1.7,,3.0,5.4,1.3,,6.0,3.9,1.1,,3.7,1.0,1.3,2.5,6.0
3911853,Adam Trautman,DEN,TE,12,0,0,44.7,170.0,64.1,ACTIVE,1.5,10.0,,5.2,2.1,,,,4.5,1.2,1.8,,7.7,3.7,,2.9,4.2
16731,Brandin Cooks,BUF,WR,7,0,0,44.0,170.0,55.4,ACTIVE,5.6,4.6,5.4,5.2,1.5,3.1,,5.2,3.6,,,,2.3,,,4.1,3.4
4372019,Jerome Ford,CLE,RB,9,0,0,43.9,170.0,60.3,INJURY_RESERVE,1.5,10.4,5.0,1.3,5.8,8.0,3.0,0.9,,0.1,0.2,,4.7,3.0,,,
4367209,Greg Dulcich,MIA,TE,12,0,0,43.8,170.0,61.3,ACTIVE,,,,,,,,,9.9,3.2,3.8,,4.4,7.1,6.6,4.7,4.1
2969939,Jameis Winston,NYG,QB,14,0,0,43.3,170.0,56.0,ACTIVE,,,,,,,,,,,11.0,32.2,,,,,
4603186,Jack Bech,LV,WR,8,0,0,43.0,170.0,54.2,QUESTIONABLE,3.3,,2.0,,5.7,,3.3,,,,2.9,,4.2,11.0,3.7,6.9,
4613202,Kyle Williams,NE,WR,14,0,0,42.8,170.0,51.5,ACTIVE,2.2,,1.8,,,,,,,14.2,,2.8,10.3,,,1.9,9.6
4241476,Tyrell Shavers,BUF,WR,7,0,0,42.8,170.0,54.6,ACTIVE,,,4.4,,,5.7,,,1.7,3.4,19.0,,,2.6,,2.3,3.8
4431492,Roman Wilson,PIT,WR,5,0,0,42.6,170.0,56.2,ACTIVE,,1.7,,,,2.2,3.7,17.4,,11.5,2.7,,,,,,3.4
2576581,Chris Moore,WSH,WR,12,0,0,42.3,170.0,53.8,ACTIVE,4.4,,4.5,0.9,,13.6,7.9,,,,4.8,,,,,2.2,4.0
-16028,Commanders D/ST,WSH,DST,12,0,0,41.3,170.0,7.4,ACTIVE,8.0,-1.0,10.0,-1.0,12.0,4.0,-3.0,3.0,-4.0,-7.0,4.0,,,3.0,8.0,2.9,2.4
4249417,Jalen Tolbert,DAL,WR,10,0,0,41.0,170.0,56.6,ACTIVE,1.0,3.6,7.4,10.1,,1.8,2.6,12.7,,,,,,,,,1.8
2576336,Ameer Abdullah,IND,RB,11,0,0,40.0,170.0,56.7,ACTIVE,,,,,6.6,2.6,3.7,1.8,1.5,1.8,,,,2.9,9.7,5.5,4.0
4257364,Zavier Scott,MIN,RB,6,0,0,40.0,170.0,59.1,ACTIVE,,,6.0,16.4,,,1.6,4.4,,,,,3.1,3.0,,1.1,4.4
4240472,Noah Gray,KC,TE,10,0,0,39.2,170.0,59.3,ACTIVE,1.3,1.1,4.7,1.1,,4.5,3.8,4.3,,,2.9,5.5,,2.4,,4.4,3.3
4569382,Jordan Whittington,LAR,WR,8,0,0,38.6,170.0,52.7,ACTIVE,0.5,6.2,3.4,1.7,5.3,5.3,2.9,,,,1.9,4.7,,1.5,,3.2,1.9
4039057,Lil'Jordan Humphrey,DEN,WR,12,0,0,38.4,170.0,50.3,ACTIVE,,,,,,9.5,,,,,,,,5.7,13.2,4.9,5.1
12460,Graham Gano,NYG,K,14,0,0,38.0,170.0,14.4,INJURY_RESERVE,8.0,13.0,3.0,,,,,9.0,5.0,,,,,,,,
2310331,Tyler Johnson,NYJ,WR,9,0,0,37.8,170.0,53.0,ACTIVE,5.1,,5.2,,,,9.0,15.4,,,,,,,,1.3,1.8
4242540,Isaiah Hodgins,NYG,WR,14,0,0,37.4,170.0,49.1,ACTIVE,,,,,,,,,,,10.7,12.2,1.4,,1.4,5.5,6.2
4240603,Malik Davis,DAL,RB,10,0,0,36.9,170.0,55.5,QUESTIONABLE,,,,,,,,0.3,0.3,,2.0,2.4,10.7,0.6,11.7,3.0,6.0
4678006,Elijah Arroyo,SEA,TE,8,0,0,36.9,170.0,63.4,INJURY_RESERVE,1.7,5.1,,6.4,2.0,1.6,6.2,,10.9,1.5,,1.5,,,,,
4242392,Brock Wright,DET,TE,8,0,0,36.8,170.0,62.7,INJURY_RESERVE,,11.8,,,8.9,,5.3,,2.1,,2.8,5.9,,,,,
4241263,Charlie Kolar,BAL,TE,7,0,0,36.5,170.0,60.7,QUESTIONABLE,,,4.2,,2.0,,,8.0,10.3,3.3,,,2.7,2.9,,1.4,1.7
4035671,Tyler Huntley,BAL,QB,7,0,0,36.3,170.0,55.0,ACTIVE,,,,,,6.6,,16.7,,,,,,,,,12.9
4386544,Xavier Smith,LAR,WR,8,0,0,36.0,170.0,49.9,ACTIVE,4.6,,,,,,3.5,,3.2,2.4,1.8,,11.2,1.6,,3.8,3.9
3135321,Hunter Renfrow,CAR,WR,14,0,0,35.9,170.0,53.4,ACTIVE,3.1,23.8,2.6,3.0,1.7,1.7,,,,,,,,,,,
4360797,Tutu Atwell,LAR,WR,8,0,0,35.8,170.0,49.5,ACTIVE,1.4,,,15.8,9.2,,,,,,,,,,1.9,4.4,3.1
5208518,Charlie Smyth,NO,K,11,0,0,35.6,170.0,9.0,ACTIVE,,,,,,,,,,,,,5.0,5.0,10.0,7.9,7.6
4429275,Trey Benson,ARI,RB,8,0,0,35.4,170.0,59.7,INJURY_RESERVE,8.5,8.4,8.1,10.4,,,,,,,,,,,,,
4362748,Tyler Badie,DEN,RB,12,0,0,35.4,170.0,56.1,ACTIVE,3.6,4.2,,2.1,2.6,,3.9,0.6,2.6,,1.0,,4.8,3.1,1.1,2.9,2.9
2468609,Taysom Hill,NO,TE,11,0,0,35.1,170.0,54.6,ACTIVE,,,,,0.7,6.1,2.8,2.2,3.0,2.0,,1.7,1.7,,0.2,4.3,10.4
4682745,Jaylen Wright,MIA,RB,12,0,0,34.7,170.0,53.2,ACTIVE,,,,,,,,3.8,,1.7,0.4,,1.6,16.7,2.1,3.2,5.3
4429501,Ray Davis,BUF,RB,7,0,0,34.4,170.0,57.3,ACTIVE,1.1,2.4,,0.3,0.1,9.9,,1.6,,0.8,,6.0,6.2,,2.3,1.4,2.3
4040612,Luke Farrell,SF,TE,14,0,0,34.3,170.0,58.6,ACTIVE,1.4,9.5,,2.0,1.8,,2.1,,1.9,9.5,,1.3,,,,1.1,3.7
3045147,James Conner,ARI,RB,8,0,0,33.3,170.0,58.5,INJURY_RESERVE,14.4,12.2,6.7,,,,,,,,,,,,,,
4599739,Kendre Miller,NO,RB,11,0,0,33.3,170.0,57.9,INJURY_RESERVE,2.4,2.0,5.6,12.5,5.9,4.2,0.7,,,,,,,,,,
4690070,Mitchell Tinsley,CIN,WR,10,0,0,33.3,170.0,51.9,ACTIVE,,8.3,,1.9,,,,,3.7,,,10.9,4.2,,2.6,0.6,1.2
4570037,Terrance Ferguson,LAR,TE,8,0,0,33.2,170.0,58.0,ACTIVE,,,,,3.1,,10.1,,7.4,4.2,,,,,1.6,2.9,4.0
4239944,Hunter Long,JAX,TE,8,0,0,32.5,170.0,60.0,ACTIVE,7.6,,3.2,11.3,1.3,3.9,3.6,,1.6,,,,,,,,
-16019,Giants D/ST,NYG,DST,14,0,0,32.4,170.0,1.0,ACTIVE,,-3.0,2.0,6.0,,8.0,-2.0,-2.0,2.0,-1.0,4.0,-1.0,1.0,,5.0,5.8,7.6
4911851,LeQuint Allen Jr.,JAX,RB,8,0,0,32.4,170.0,51.4,ACTIVE,2.1,1.3,1.9,1.7,,2.2,1.4,,2.1,1.6,3.6,0.2,,2.8,2.6,4.7,4.3
4429435,Brady Cook,NYJ,QB,9,0,0,32.3,170.0,53.0,ACTIVE,,,,,,,,,,,,,,2.5,8.9,10.5,10.3
-16004,Bengals D/ST,CIN,DST,10,0,0,31.7,170.0,4.2,ACTIVE,7.0,2.0,-1.0,-5.0,2.0,,2.0,-9.0,-2.0,,1.0,8.0,11.0,1.0,6.0,4.6,4.0
5529,Philip Rivers,IND,QB,11,0,0,31.1,170.0,49.0,ACTIVE,,,,,,,,,,,,,,,6.8,13.0,11.4
2576414,Raheem Mostert,LV,RB,8,0,0,30.6,170.0,54.9,QUESTIONABLE,,,,8.3,2.2,,1.2,,2.4,2.5,3.3,5.0,0.6,1.2,1.2,2.7,
3059722,Zay Jones,ARI,WR,8,0,0,30.3,170.0,51.1,INJURY_RESERVE,1.4,,4.5,,2.8,12.9,8.7,,,,,,,,,,
4567156,Treylon Burks,WSH,WR,12,0,0,30.1,170.0,44.0,ACTIVE,,,,,,,,,2.4,8.8,,,7.5,,,4.4,7.0
4379401,John FitzPatrick,GB,TE,5,0,0,29.7,170.0,57.3,INJURY_RESERVE,1.2,,9.2,,,,1.6,1.4,,,1.5,2.1,,3.4,4.8,4.5,
4383396,Hunter Luepke,DAL,RB,10,0,0,29.6,170.0,53.8,ACTIVE,,,,0.6,2.0,8.7,1.3,0.2,,,7.1,1.7,,,5.0,1.3,1.7
16460,Adam Thielen,PIT,WR,5,0,0,29.2,170.0,45.2,ACTIVE,2.0,4.6,,3.1,,,2.0,,,3.6,1.6,,,1.4,1.7,3.1,6.1
3149687,Chris Brooks,GB,RB,5,0,0,29.2,170.0,52.0,ACTIVE,1.3,5.7,,1.1,,0.1,,,4.4,,0.8,3.6,2.9,1.6,2.6,3.1,2.1
4889929,Quinn Ewers,MIA,QB,12,0,0,29.0,170.0,39.0,ACTIVE,,,,,,,2.1,,,,,,,,,14.2,12.7
4372414,Elijah Moore,BUF,WR,7,0,0,28.6,170.0,50.7,ACTIVE,2.1,10.7,6.1,,,,,2.4,3.8,2.8,,0.7,,,,,
4569682,Audric Estime,NO,RB,11,0,0,28.5,170.0,40.7,ACTIVE,,,,,,,,,,,,,,1.1,8.0,9.8,9.6
4429013,Tank Bigsby,PHI,RB,9,0,0,28.4,170.0,52.6,ACTIVE,1.2,,,,,,2.0,10.4,,0.7,3.4,0.8,,0.4,5.7,1.8,2.0
4710855,Konata Mumpfield,LAR,WR,8,0,0,28.0,170.0,40.9,ACTIVE,,,,,,1.7,7.5,,,,,4.5,,1.5,,4.5,8.4
4365395,Julian Hill,MIA,TE,12,0,0,27.9,170.0,56.6,ACTIVE,,,1.4,2.9,6.2,6.1,1.1,,,,2.4,,,,4.5,1.9,1.4
4045305,Ian Thomas,LV,TE,8,0,0,27.8,170.0,55.9,ACTIVE,,,,,5.0,1.4,,,1.9,,3.0,7.6,1.8,3.7,,,3.4
4613104,Malachi Corley,CLE,WR,9,0,0,27.2,170.0,43.7,ACTIVE,,,,,1.1,,3.7,3.1,,3.2,2.9,1.2,0.9,0.2,2.0,3.0,5.9
4690923,Ben Sinnott,WSH,TE,12,0,0,27.1,170.0,53.2,ACTIVE,,1.7,,,,,,3.2,,7.4,,,,1.8,4.6,3.7,4.8
4429939,Jawhar Jordan,HOU,RB,6,0,0,26.8,170.0,44.3,ACTIVE,,,,,,,,,,,,,,,13.8,8.9,4.2
4432775,Dont'e Thornton Jr.,LV,WR,8,0,0,26.7,170.0,46.0,ACTIVE,6.5,3.0,4.9,,,,,,,1.4,,2.4,2.1,,,1.0,5.4
4045163,Miles Sanders,DAL,RB,10,0,0,26.7,170.0,54.4,INJURY_RESERVE,4.0,9.9,8.3,4.5,,,,,,,,,,,,,
3051738,Marquez Valdes-Scantling,PIT,WR,5,0,0,26.6,170.0,42.5,ACTIVE,,,1.9,,,4.2,,,,,,,,,8.9,4.5,7.1
4690013,Rasheen Ali,BAL,RB,7,0,0,25.8,170.0,49.6,ACTIVE,0.5,,,,,,,,,,2.5,,1.7,3.3,11.2,3.2,3.4
4360763,Brycen Tremayne,CAR,WR,14,0,0,25.8,170.0,48.7,ACTIVE,,7.8,3.5,6.6,1.9,,,,1.8,,3.7,,,,,0.5,
4431487,Savion Williams,GB,WR,5,0,0,25.6,170.0,48.0,QUESTIONABLE,1.1,2.4,,5.3,,0.3,,7.9,1.2,2.2,4.3,,,,,0.9,
4696882,Devontez Walker,BAL,WR,7,0,0,25.4,170.0,48.3,ACTIVE,,16.6,4.4,,,,,,,,,4.0,,,,0.4,
4048228,John Bates,WSH,TE,12,0,0,25.3,170.0,52.5,ACTIVE,,,,,1.9,,1.5,3.2,4.0,1.6,,,2.9,,2.9,3.9,3.5
2983509,Dare Ogunbowale,HOU,RB,6,0,0,25.1,170.0,50.2,ACTIVE,2.6,,,,,,,2.7,1.2,,1.9,,,6.5,6.4,3.2,0.6
4722893,Jaleel McLaughlin,DEN,RB,12,0,0,24.9,170.0,48.4,ACTIVE,,,,,,,,,,,8.4,,4.0,4.1,0.4,3.2,4.7
4372096,Luke Schoonmaker,DAL,TE,10,0,0,24.9,170.0,55.2,ACTIVE,,,1.5,2.8,1.3,1.8,,4.5,2.4,,,,1.1,2.2,3.9,1.6,1.8
3127310,Drew Sample,CIN,TE,10,0,0,24.4,170.0,53.9,ACTIVE,,1.7,10.0,,0.9,0.8,,,,,,1.0,2.7,,3.2,2.3,1.8
4360294,Antonio Gibson,NE,RB,14,0,0,23.2,170.0,50.8,INJURY_RESERVE,0.3,9.8,0.8,8.7,3.6,,,,,,,,,,,,
3115306,Josh Reynolds,NYJ,WR,9,0,0,23.1,170.0,47.6,INJURY_RESERVE,3.8,,,,7.9,5.5,5.9,,,,,,,,,,
4245661,Lucas Havrisik,GB,K,5,0,0,23.0,170.0,11.7,ACTIVE,,,,,,10.0,12.0,,,,1.0,,,,,,
4242512,Malik Willis,GB,QB,5,0,0,22.9,170.0,48.0,QUESTIONABLE,,,,,,,,,,,5.8,0.6,,,,,16.5
4708486,Jimmy Horn Jr.,CAR,WR,14,0,0,22.7,170.0,46.8,ACTIVE,,,,,5.1,6.7,2.5,0.9,1.8,,,2.1,,,1.7,1.0,0.8
4426496,Cade Stover,HOU,TE,6,0,0,22.6,170.0,49.1,ACTIVE,6.2,,,,,,,,,,,,3.9,,5.2,3.5,3.8
3121427,Curtis Samuel,BUF,WR,7,0,0,21.1,170.0,47.2,INJURY_RESERVE,,,,1.9,10.6,,,,1.6,3.1,3.9,,,,,,
4428678,Jamari Thrash,CLE,WR,9,0,0,20.7,170.0,46.4,ACTIVE,1.6,1.5,2.7,,3.2,3.3,3.3,5.1,,,,,,,,,
4061956,Ashton Dulin,IND,WR,11,0,0,20.0,170.0,45.6,ACTIVE,1.5,,,2.8,7.5,,,0.2,,2.2,,5.8,,,,,
4034862,Jack Stoll,NO,TE,11,0,0,20.0,170.0,48.5,OUT,,,10.1,1.7,,,,,,,,1.7,,,1.7,1.5,3.3
3929785,Nick Westbrook-Ikhine,MIA,WR,12,0,0,19.9,170.0,44.8,ACTIVE,1.7,3.8,,1.1,,,4.6,2.8,4.2,1.7,,,,,,,
4259305,Bo Melton,GB,WR,5,0,0,19.9,170.0,44.4,ACTIVE,,,,,,0.3,,,,4.8,1.7,,1.5,11.5,,0.0,0.1
4241961,Connor Heyward,PIT,TE,5,0,0,19.5,170.0,51.2,ACTIVE,,1.6,,0.2,,8.2,,,0.4,,0.3,,,0.2,6.4,1.1,1.1
4362452,Jaret Patterson,LAC,RB,12,0,0,18.9,170.0,49.0,ACTIVE,,,,,,,,3.0,4.4,0.1,,,11.4,,,,
4035656,Ben Skowronek,PIT,WR,5,0,0,18.8,170.0,42.1,ACTIVE,9.2,,,,,,,2.3,,,,3.1,,2.3,,0.5,1.3
4372758,Kevin Austin Jr.,NO,WR,11,0,0,18.7,170.0,31.1,ACTIVE,,,,,,,,,,,,,,,6.3,5.1,7.3
3052096,Johnny Mundt,JAX,TE,8,0,0,18.5,170.0,51.9,ACTIVE,,,1.7,,1.7,2.4,1.9,,,3.1,4.5,2.2,,,,0.5,0.5
4241983,Cody White,SEA,WR,8,0,0,18.5,170.0,43.3,INJURY_RESERVE,,,,,,,,,13.0,,,,3.1,1.9,,0.5,0.0
4573697,Mason Tipton,NO,WR,11,0,0,18.4,170.0,38.6,QUESTIONABLE,,,,,,,,,,,,6.3,4.9,,1.1,6.1,
3929914,Adam Prentice,DEN,RB,12,0,0,18.3,170.0,47.2,ACTIVE,1.4,,,0.4,0.8,0.3,,,0.2,2.3,2.4,,2.4,5.3,,1.5,1.4
3125107,Andrew Beck,NYJ,RB,9,0,0,18.0,170.0,47.8,ACTIVE,,,,,7.1,1.6,,1.9,,,,2.0,,2.7,0.5,0.8,1.4
5097554,Kameron Johnson,TB,WR,9,0,0,17.9,170.0,42.9,ACTIVE,,,,,0.2,16.4,,,,1.1,,,,,,0.1,0.1
4569609,Evan Hull,NO,RB,11,0,0,17.7,170.0,33.6,ACTIVE,,,,,,,,,,,,,1.5,2.0,1.2,9.2,3.8
4424106,Gunner Olszewski,NYG,WR,14,0,0,17.6,170.0,40.5,ACTIVE,,,,,,,,,9.4,,,5.3,,,,0.6,2.3
4360967,Brevyn Spann-Ford,DAL,TE,10,0,0,17.3,170.0,47.8,ACTIVE,,1.3,,,,1.2,,1.9,,,1.4,7.4,,1.7,,1.1,1.3
4877203,Gage Larvadain,CLE,WR,9,0,0,17.3,170.0,39.0,ACTIVE,,,,,,4.2,,0.3,,,,,2.3,3.8,1.8,4.4,0.5
4243537,Gabe Davis,BUF,WR,7,0,0,17.2,170.0,41.7,ACTIVE,,,,,,,,,,,7.0,3.2,1.5,4.1,,,1.4
3116407,Mason Rudolph,PIT,QB,5,0,0,17.0,170.0,54.0,ACTIVE,,0.5,,,,,,,,,9.0,7.5,,,,,
4383440,Nate Adkins,DEN,TE,12,0,0,16.8,170.0,50.5,QUESTIONABLE,,,,2.5,,10.3,4.0,,,,,,,,,,
4429105,Arian Smith,NYJ,WR,9,0,0,16.5,170.0,38.2,ACTIVE,,0.8,2.2,,2.4,,1.0,3.3,,1.3,,0.8,,,,2.5,2.2
4566158,Ben Sauls,NYG,K,14,0,0,15.8,170.0,1.0,ACTIVE,,,,,,,,,,,,,,,,7.7,8.1
4431545,Will Shipley,PHI,RB,9,0,0,15.7,170.0,44.9,ACTIVE,2.6,,,,1.4,,1.7,0.2,,5.4,,,2.1,1.3,,0.5,0.5
3915486,Tyler Conklin,LAC,TE,12,0,0,15.7,170.0,49.8,ACTIVE,7.2,,,1.3,5.0,,,,,2.2,,,,,,,
4428796,Casey Washington,ATL,WR,5,0,0,15.4,170.0,41.3,ACTIVE,6.3,,,2.9,,,2.7,3.5,,,,,,,,,
4685247,Braelon Allen,NYJ,RB,9,0,0,15.3,170.0,46.6,INJURY_RESERVE,6.9,1.1,6.7,0.6,,,,,,,,,,,,,
4038524,Gardner Minshew,KC,QB,10,0,0,15.3,170.0,32.0,INJURY_RESERVE,,,,,,,,,,,,,,,,15.3,
4427600,Terrell Jennings,NE,RB,14,0,0,15.2,170.0,46.1,INJURY_RESERVE,,,,,,,1.8,1.5,11.4,0.5,,,,,,,
4429835,George Holani,SEA,RB,8,0,0,14.8,170.0,45.5,INJURY_RESERVE,,,4.2,,,,,,0.9,9.1,0.6,,,,,,
4689334,Malik Heath,ATL,WR,5,0,0,14.6,170.0,40.1,ACTIVE,,4.7,,1.9,,,,5.9,2.1,,,,,,,,
4241424,Tylan Wallace,BAL,WR,7,0,0,14.5,170.0,39.7,ACTIVE,,10.5,,2.4,,,,1.6,,,,,,,,,
11394,Josh Johnson,WSH,QB,12,0,0,14.3,170.0,31.0,ACTIVE,,,,,,,,,,,,,,,,,14.3
2998565,Mo Alie-Cox,IND,TE,11,0,0,14.2,170.0,44.4,ACTIVE,3.0,1.8,,,,2.6,1.6,,,,,1.9,,,,1.7,1.6
4685350,Trevor Etienne,CAR,RB,14,0,0,14.0,170.0,43.7,ACTIVE,0.4,1.2,,3.3,3.9,1.7,,1.6,,,0.2,,1.4,,,0.1,0.1
4360086,Josh Whyle,GB,TE,5,0,0,13.9,170.0,45.8,ACTIVE,,,,,,,,,,,7.2,1.1,,3.1,,,2.5
3843945,Foster Moreau,NO,TE,11,0,0,13.6,170.0,46.4,INJURY_RESERVE,,,,,,1.9,,,,3.6,,,3.3,2.6,,2.2,
4573398,Max Brosmer,MIN,QB,6,0,0,13.5,170.0,38.0,ACTIVE,,,1.2,,,,,0.5,,,,,,,,,11.9
4430834,Jalen McMillan,TB,WR,9,0,0,13.4,170.0,29.2,ACTIVE,,,,,,,,,,,,,,,5.8,2.6,5.0
3121409,Noah Brown,WSH,WR,12,0,0,13.3,170.0,39.3,INJURY_RESERVE,4.7,1.9,,,,,,,,,,,,2.9,3.8,,
4241374,Grant Calcaterra,PHI,TE,9,0,0,13.2,170.0,45.1,ACTIVE,,1.6,,2.6,3.8,,,,,,,1.8,,,1.4,1.1,0.9
3068267,Austin Ekeler,WSH,RB,12,0,0,13.1,170.0,43.1,INJURY_RESERVE,8.7,4.4,,,,,,,,,,,,,,,
4372071,Hassan Haskins,LAC,RB,12,0,0,13.1,170.0,39.5,QUESTIONABLE,,,,,2.5,3.3,2.5,,,,,,,,,0.0,4.8
4035222,Trayveon Williams,CLE,RB,9,0,0,13.1,170.0,30.0,ACTIVE,,,,,,,,,,,0.9,,,,2.7,5.6,3.9
4035020,Charlie Woerner,ATL,TE,5,0,0,13.0,170.0,47.1,ACTIVE,,,0.5,,,,,,,2.4,,5.4,,,3.2,0.5,1.0
4430191,Skyy Moore,SF,WR,14,0,0,12.9,170.0,37.0,ACTIVE,,,2.0,,0.1,,2.5,,3.1,2.8,,,,,,2.3,0.1
4428811,Xavier Weaver,ARI,WR,8,0,0,12.8,170.0,28.4,ACTIVE,,,,,,,,,,,3.5,1.9,,,,3.6,3.8
4244049,Quintin Morris,JAX,TE,8,0,0,12.8,170.0,41.0,ACTIVE,,,,,,,,,,,2.1,,2.4,,4.0,2.1,2.2
3916204,James Proche II,TEN,WR,10,0,0,12.6,170.0,34.7,ACTIVE,,,,,,,,,,,,7.2,2.3,,,1.8,1.3
3917668,Alec Ingold,MIA,RB,12,0,0,12.5,170.0,41.9,ACTIVE,1.1,3.3,,,,3.5,,1.0,,0.6,,,,,1.4,0.6,1.0
4715355,Darius Cooper,PHI,WR,9,0,0,12.5,170.0,36.6,ACTIVE,,,,,,,,,,,,2.7,,2.9,4.9,1.0,0.9
4430870,KeAndre Lambert-Smith,LAC,WR,12,0,0,12.0,170.0,35.4,ACTIVE,,,,,,1.1,,,,,,,,,8.6,1.3,1.1
4601080,Raheim Sanders,CLE,RB,9,0,0,11.9,170.0,35.4,ACTIVE,6.3,,,,,,,,,,,,,,,,5.6
3127292,Will Dissly,LAC,TE,12,0,0,11.9,170.0,43.0,ACTIVE,2.8,1.7,,,,3.8,,,,,,,,1.1,,1.1,1.4
4363551,Dylan Drummond,ATL,WR,5,0,0,11.7,170.0,37.4,ACTIVE,,,,,,,,,,,,4.8,1.3,5.1,,0.5,
4241457,Najee Harris,LAC,RB,12,0,0,11.6,170.0,42.5,INJURY_RESERVE,2.0,6.8,2.8,,,,,,,,,,,,,,
4044111,Chris Oladokun,KC,QB,10,0,0,11.4,170.0,29.0,ACTIVE,,,,,,,,,,,,,,,,,11.4
4369466,Ryan Miller,NYG,WR,14,0,0,11.4,170.0,37.8,ACTIVE,,9.0,,,,,2.4,,,,,,,,,,
4722908,Drew Ogletree,IND,TE,11,0,0,11.1,170.0,43.7,INJURY_RESERVE,,,,,,,,,,,,8.8,1.8,,,0.5,
4361332,Shedrick Jackson,LV,WR,8,0,0,11.1,170.0,34.3,ACTIVE,,,,,,,,,,,,,,9.5,,,1.6
4361777,Zamir White,LV,RB,8,0,0,10.9,170.0,37.2,ACTIVE,0.8,3.3,3.3,,,,,,,,,,,,,,3.5
3127306,Dante Pettis,NO,WR,11,0,0,10.9,170.0,22.9,ACTIVE,,,,,,,,,,,,2.4,,,,3.8,4.7
4692835,Jalen Brooks,ARI,WR,8,0,0,10.7,170.0,32.3,ACTIVE,,,,1.1,,,,,,,,,,5.2,0.9,2.0,1.5
4683423,Riley Leonard,IND,QB,11,0,0,10.4,170.0,52.0,ACTIVE,,,,,,,,0.1,,,,,,10.3,,,
2574808,Robbie Chosen,WSH,WR,12,0,0,10.3,170.0,36.2,ACTIVE,,,,,,,7.6,,,2.7,,,,,,,
4036335,Cedrick Wilson Jr.,MIA,WR,12,0,0,10.3,170.0,28.8,ACTIVE,,,,,,,,1.2,1.7,,,,2.6,,,2.7,2.1
4240703,Kenny Pickett,LV,QB,8,0,0,9.7,170.0,51.0,ACTIVE,,,,,,,,,,,,,,8.5,1.3,,
3123075,Braxton Berrios,HOU,WR,6,0,0,9.7,170.0,35.8,ACTIVE,,,,,,,0.9,8.8,,,,,,,,,
4036032,Brittain Brown,CHI,RB,5,0,0,9.7,170.0,41.3,ACTIVE,,,,,,,,,9.7,,,,,,,,
14012,Andy Dalton,CAR,QB,14,0,0,9.6,170.0,50.0,ACTIVE,,,,6.3,,,2.2,1.1,,,,,,,,,
4034704,Michael Bandy,DEN,WR,12,0,0,9.6,170.0,35.0,ACTIVE,,,,,,,,,0.6,,,,,,9.0,,
4819231,Kaleb Johnson,PIT,RB,5,0,0,9.0,170.0,40.1,ACTIVE,,0.1,,2.2,,1.5,,,2.3,0.3,1.5,,0.3,0.4,0.4,,
4360978,David Martin-Robinson,TEN,TE,10,0,0,8.7,170.0,42.4,ACTIVE,,,,,,7.1,,,,,,,,1.6,,,
4035115,Albert Okwuegbunam Jr.,LV,TE,8,0,0,8.6,170.0,41.7,ACTIVE,,,,,8.6,,,,,,,,,,,,
4692590,Jalin Hyatt,NYG,WR,14,0,0,8.5,170.0,33.9,QUESTIONABLE,,,,,,4.7,,,,,3.8,,,,,,
2975863,Eric Saubert,SEA,TE,8,0,0,8.4,170.0,36.9,ACTIVE,,,2.2,,,,,,,,,,,,1.9,2.6,1.7
4043016,Dee Eskridge,MIA,WR,12,0,0,8.3,170.0,33.5,INJURY_RESERVE,1.9,1.8,,,,,4.5,,,,,,,,,0.1,
4012556,C.J. Ham,MIN,RB,6,0,0,8.1,170.0,37.8,ACTIVE,,,,,,,1.5,,,,,,,,6.1,0.1,0.4
4685279,Jaydon Blue,DAL,RB,10,0,0,8.0,170.0,38.9,ACTIVE,,,,,0.7,,4.4,2.9,,,,,,,,,
4426485,Jonathan Mingo,DAL,WR,10,0,0,8.0,170.0,24.9,ACTIVE,,,,,,,,,,,,,,,3.5,0.5,4.0
3126997,Tom Kennedy,DET,WR,8,0,0,7.8,170.0,33.1,ACTIVE,,,,,,,,,,,,,7.6,,,0.1,0.1
4239934,AJ Dillon,PHI,RB,9,0,0,7.8,170.0,38.3,ACTIVE,1.0,1.9,,1.7,1.2,2.0,,,,,,,,,,,
4361112,Devin Culp,TB,TE,9,0,0,7.6,170.0,40.3,ACTIVE,,,,,,,,,,,,,,,7.6,,
4244856,Austin Trammell,JAX,WR,8,0,0,7.6,170.0,32.7,ACTIVE,,,,,,,,,,5.3,2.3,,,,,,
4039050,Devin Duvernay,CHI,WR,5,0,0,7.5,170.0,27.6,ACTIVE,,,,,,,,1.2,,,,,,3.4,,2.7,0.2
4431466,Jordan Watkins,SF,WR,14,0,0,7.5,170.0,27.2,ACTIVE,,,,,,,,1.7,2.9,,,,,,,2.9,
4608362,Shane Zylstra,DET,TE,8,0,0,7.4,170.0,22.7,ACTIVE,,,,,,,,,,,,,,,,3.6,3.8
4240021,Cam Akers,SEA,RB,8,0,0,7.2,170.0,36.6,ACTIVE,,,1.9,,5.3,,,,,,,,,,,,
4431431,Corey Kiner,ARI,RB,8,0,0,7.2,170.0,24.7,ACTIVE,,,,,,,,,,,,,,,1.1,2.1,4.0
4431353,Xavier Restrepo,TEN,WR,10,0,0,7.1,170.0,31.9,QUESTIONABLE,,,,,,,,,,,,4.6,2.5,,,,
3049698,Anthony Firkser,DET,TE,8,0,0,6.9,170.0,32.9,ACTIVE,,,,,,,,,,,,,1.4,1.7,,1.7,2.1
5082630,Jalen Royals,KC,WR,10,0,0,6.8,170.0,17.0,ACTIVE,,,,,,,,,,,,,,,,3.9,2.8
4565185,Tai Felton,MIN,WR,6,0,0,6.8,170.0,25.3,ACTIVE,,,1.9,,,,,,,,,,,2.0,,0.0,2.9
4401805,Dareke Young,SEA,WR,8,0,0,6.8,170.0,31.5,ACTIVE,,,2.2,,4.6,,,,,,,,,,,,
4874509,DJ Giddens,IND,RB,11,0,0,6.6,170.0,36.0,ACTIVE,4.1,,0.3,,2.2,,,,,,,,,,,,
4362603,Brenden Bates,CLE,TE,9,0,0,6.4,170.0,39.0,QUESTIONABLE,,,,,4.3,,,1.2,,,,,,,,,0.9
4360698,Joe Milton III,DAL,QB,10,0,0,6.3,170.0,47.0,ACTIVE,,,,,,,,6.3,,,,,,,,,
4035537,Kene Nwangwu,NYJ,RB,9,0,0,6.3,170.0,34.8,ACTIVE,,,,,,,,,,6.0,,,,,,0.1,0.2
3052897,Durham Smythe,CHI,TE,5,0,0,6.3,170.0,37.6,ACTIVE,,,,,,,,,,,1.8,1.4,,1.2,,1.4,0.5
4374187,Deven Thompkins,ATL,WR,5,0,0,6.3,170.0,30.7,ACTIVE,,,,,,,,,,,,,4.8,1.4,,0.0,0.1
3047876,KhaDarel Hodge,ATL,WR,5,0,0,6.1,170.0,30.3,INJURY_RESERVE,,,,,,,,6.1,,,,,,,,,
4257188,Charlie Jones,CIN,WR,10,0,0,6.0,170.0,30.0,QUESTIONABLE,,,,,,,,,6.0,,,,,,,,
3118892,Justin Watson,HOU,WR,6,0,0,6.0,170.0,29.6,ACTIVE,4.7,1.3,,,,,,,,,,,,,,,
4366963,Dylan Laube,LV,RB,8,0,0,5.8,170.0,34.2,ACTIVE,,3.7,0.2,,,,1.4,,,,,,,,0.4,0.1,0.1
4361988,James Mitchell,CAR,TE,14,0,0,5.8,170.0,39.7,ACTIVE,,,,3.7,2.1,,,,,,,,,,,,
4383351,Trey Lance,LAC,QB,12,0,0,5.2,170.0,46.0,ACTIVE,,,,,2.9,,,,,,1.6,,0.8,,,,
3122168,Trent Sherfield Sr.,ARI,WR,8,0,0,5.1,170.0,28.0,ACTIVE,1.3,1.3,,,2.5,,,,,,,,,,,,
3919510,Alex Bachman,LV,WR,8,0,0,5.1,170.0,21.7,ACTIVE,,,,,1.9,,,,,,,,,,,0.0,3.2
3914397,Scotty Miller,PIT,WR,5,0,0,4.8,170.0,22.1,ACTIVE,,,,,,,1.9,,,,,,,,,,2.9
4361088,Colson Yankoff,WSH,TE,12,0,0,4.8,170.0,34.9,ACTIVE,,,,,,,,,,,1.4,,2.4,,,,1.0
4696700,Tip Reiman,ARI,TE,8,0,0,4.8,170.0,38.3,INJURY_RESERVE,2.0,,2.8,,,,,,,,,,,,,,
4241410,Jelani Woods,NYJ,TE,9,0,0,4.8,170.0,15.9,QUESTIONABLE,,,,,,,,,,,,,,,,2.4,2.5
4362018,Blake Whiteheart,CLE,TE,9,0,0,4.7,170.0,31.5,ACTIVE,,,,,,1.0,1.4,,,,,,,,,,2.3
4250764,Stone Smartt,NYJ,TE,9,0,0,4.7,170.0,18.0,ACTIVE,,,,,,,,,,,,,,,,0.9,3.8
4431210,Beaux Collins,NYG,WR,14,0,0,4.5,170.0,26.8,INJURY_RESERVE,,,,,1.7,,,2.8,,,,,,,,,
4373030,Ben Sims,MIN,TE,6,0,0,4.5,170.0,29.5,ACTIVE,,,,,,,,,,,,,,1.9,,0.5,2.0
4372716,Nikko Remigio,KC,WR,10,0,0,4.3,170.0,26.4,INJURY_RESERVE,,3.1,1.1,,,,,,,,,,,,,0.1,
4243003,Ronnie Rivers,LAR,RB,8,0,0,4.3,170.0,32.4,ACTIVE,,,,,,,,,,,,,,4.1,,0.1,0.1
4242214,Clyde Edwards-Helaire,KC,RB,10,0,0,4.2,170.0,33.0,ACTIVE,,,,,,,,,0.5,,,3.7,,,,,
5160110,Jahdae Walker,CHI,WR,5,0,0,4.1,170.0,17.4,ACTIVE,,,,,,,,,,,,,,,,2.5,1.6
4360405,Jake Bobo,SEA,WR,8,0,0,4.0,170.0,26.0,ACTIVE,,,,2.7,,,1.3,,,,,,,,,,
4367567,Julius Chestnut,TEN,RB,10,0,0,4.0,170.0,30.6,ACTIVE,0.2,,2.6,,0.3,,,0.5,,,,0.3,,,,,0.1
4429676,Tyler Goodson,IND,RB,11,0,0,4.0,170.0,31.8,QUESTIONABLE,,,0.6,1.0,,,,0.2,1.8,0.4,,,,,,,
4039160,Kylen Granson,PHI,TE,9,0,0,4.0,170.0,36.3,ACTIVE,1.1,1.5,,,,,,,,,1.4,,,,,,
4605841,Nathan Carter,ATL,RB,5,0,0,4.0,170.0,31.2,ACTIVE,,,2.6,,,,,1.4,,,,,,,,,
2531358,Chris Manhertz,NYG,TE,14,0,0,4.0,170.0,28.8,ACTIVE,,,1.7,,,,,,,,,,,,,,2.3
4430681,Jared Wayne,HOU,WR,6,0,0,4.0,170.0,25.7,ACTIVE,,,,,,,,4.0,,,,,,,,,
5155825,Carter Runyon,LV,TE,8,0,0,4.0,170.0,24.7,ACTIVE,,,,,,,1.3,,,,,,,,,1.0,1.7
4242558,Tucker Fisk,LAC,TE,12,0,0,3.9,170.0,35.6,INJURY_RESERVE,,,,,,,,,2.2,1.7,,,,,,,
4876006,Zaire Mitchell-Paden,NO,TE,11,0,0,3.7,170.0,34.2,QUESTIONABLE,,,,,1.3,,,,,2.4,,,,,,,
4360231,Lucas Krull,DEN,TE,12,0,0,3.5,170.0,33.5,INJURY_RESERVE,1.6,,1.9,,,,,,,,,,,,,,
4433959,Ben Yurosek,MIN,TE,6,0,0,3.5,170.0,26.8,ACTIVE,,,,,,,,1.5,,,,,,,,,2.0
2972515,Cooper Rush,BAL,QB,7,0,0,3.2,170.0,45.0,ACTIVE,,,,2.1,1.2,,,,,,,,,,,,
4372505,Payne Durham,TB,TE,9,0,0,3.2,170.0,30.8,ACTIVE,,,,,,,,,,,,,2.1,,,0.5,0.5
4035693,Velus Jones Jr.,SEA,RB,8,0,0,3.2,170.0,29.5,ACTIVE,,,,,,,,,,,,,,3.2,,,
16728,Teddy Bridgewater,TB,QB,9,0,0,3.1,170.0,44.0,ACTIVE,,,,,,,,,,,,3.1,,,,,
4429299,Tahj Brooks,CIN,RB,10,0,0,3.0,170.0,28.9,ACTIVE,,,1.7,,,,,,0.1,,0.5,0.5,,,,0.1,0.0
4242431,Ty Chandler,MIN,RB,6,0,0,2.9,170.0,16.4,ACTIVE,,,,,,,,,,,,,,,,,2.9
3886809,Andre Baccellia,ARI,WR,8,0,0,2.8,170.0,24.5,INJURY_RESERVE,,,,,,,,,,,1.5,,,1.3,,,
4212909,David Moore,CAR,WR,14,0,0,2.7,170.0,24.1,INJURY_RESERVE,,,1.5,1.2,,,,,,,,,,,,,
2971281,Pharaoh Brown,ARI,TE,8,0,0,2.7,170.0,30.2,ACTIVE,,,,,,,,,,,,,,,2.1,0.6,
4040774,Harrison Bryant,HOU,TE,6,0,0,2.7,170.0,32.2,ACTIVE,,,,,1.5,,,,1.2,,,,,,,,
4688552,Keleki Latu,BUF,TE,7,0,0,2.7,170.0,25.4,ACTIVE,,,,,,,,,,,1.4,,,,,,1.3
4360238,Dameon Pierce,KC,RB,10,0,0,2.6,170.0,28.3,ACTIVE,0.5,,,,2.1,,,,,,,,,,,,
4434153,Tyson Bagent,CHI,QB,5,0,0,2.6,170.0,43.0,ACTIVE,,1.8,,,,,,,0.8,,,,,,,,
4429684,Anthony Gould,IND,WR,11,0,0,2.6,170.0,23.7,INJURY_RESERVE,,,,,,,1.3,,,,,,,1.3,,,
4245131,Tim Jones,JAX,WR,8,0,0,2.5,170.0,23.3,ACTIVE,,,,,,,,,2.5,,,,,,,,
4695193,Efton Chism III,NE,WR,14,0,0,2.4,170.0,17.8,ACTIVE,,,,,,,,,,,,,,,,0.0,2.4
4057082,Mason Kinsey,TEN,WR,10,0,0,2.4,170.0,22.5,ACTIVE,,,,,,,,,,,2.4,,,,,,
4429084,Anthony Richardson Sr.,IND,QB,11,0,0,2.3,170.0,42.0,INJURY_RESERVE,,,,,2.3,,,,,,,,,,,,
3039707,Mitchell Trubisky,BUF,QB,7,0,0,2.3,170.0,41.0,ACTIVE,,1.0,,,,,,0.9,,0.4,,,,,,,
4685201,Tanner McKee,PHI,QB,9,0,0,2.2,170.0,40.0,ACTIVE,,,,,,,,,,,,,,,2.2,,
3914151,Josiah Deguara,ARI,TE,8,0,0,2.2,170.0,28.1,ACTIVE,,,,,,,,,,,,1.6,,,,,0.6
4428943,Jacardia Wright,SEA,RB,8,0,0,2.0,170.0,27.7,ACTIVE,,,2.0,,,,,,,,,,,,,,
4426535,Theo Wease Jr.,MIA,WR,12,0,0,1.8,170.0,10.4,ACTIVE,,,,,,,,,,,,,,,,,1.8
4362617,Bryce Oliver,TEN,WR,10,0,0,1.8,170.0,21.3,INJURY_RESERVE,1.8,,,,,,,,,,,,,,,,
4426386,Roschon Johnson,CHI,RB,5,0,0,1.7,170.0,27.1,INJURY_RESERVE,,,,,,0.6,1.1,,,,,,,,,,
4372063,Ronnie Bell,NO,WR,11,0,0,1.7,170.0,9.6,ACTIVE,,,,,,,,,,,,,,,,,1.7
4362477,Derius Davis,LAC,WR,12,0,0,1.6,170.0,21.0,QUESTIONABLE,0.3,,,,,,,,,1.3,,,,,,,
4361259,Zach Wilson,MIA,QB,12,0,0,1.6,170.0,37.0,ACTIVE,1.6,,,,,,,,,,,,,,,,
4700712,Cam Grandy,CIN,TE,10,0,0,1.6,170.0,27.4,QUESTIONABLE,,,1.6,,,,,,,,,,,,,,
4373273,British Brooks,HOU,RB,6,0,0,1.5,170.0,26.5,ACTIVE,,,,,1.5,,,,,,,,,,,,
4430723,Jared Wiley,KC,TE,10,0,0,1.4,170.0,26.1,ACTIVE,,,,,,,,,,,,,1.4,,,,
4039505,Reggie Gilliam,BUF,RB,7,0,0,1.2,170.0,25.9,QUESTIONABLE,,,,,,,,,,,,1.2,,,,,
4383429,Jacob Saylors,DET,RB,8,0,0,1.1,170.0,25.3,ACTIVE,,,,1.1,,,,,,,,,,,,0.0,0.0
2975674,Robert Tonyan,KC,TE,10,0,0,1.1,170.0,24.1,ACTIVE,,,,,,,,,,,1.1,,,,,,
3052056,River Cracraft,WSH,WR,12,0,0,1.0,170.0,6.9,ACTIVE,,,,,,,,,,,,,,,,,1.0
4878878,Amar Johnson,LAC,RB,12,0,0,0.8,170.0,24.1,ACTIVE,,,,,,,,,,,0.8,,,,,,
3139602,D'Ernest Johnson,NE,RB,14,0,0,0.7,170.0,23.5,ACTIVE,,,,,,,,,,0.1,0.6,,,,,,
3924327,Drew Lock,SEA,QB,8,0,0,0.5,170.0,36.0,ACTIVE,,,0.5,,,,,,,,,,,,,,
4035886,Khalil Herbert,NYJ,RB,9,0,0,0.5,170.0,22.9,ACTIVE,,,,,,,,,,,,,,,0.5,,
4362523,Will Mallory,IND,TE,11,0,0,0.5,170.0,12.5,QUESTIONABLE,,,,,,,,,,,,,,,,,0.5
4432734,Jalen Milroe,SEA,QB,8,0,0,0.4,170.0,35.0,ACTIVE,0.1,,0.3,,,,,,,,,,,,,,
4429121,Kalel Mullings,TEN,RB,10,0,0,0.4,170.0,21.7,ACTIVE,,,,,,,,,,,,,,,0.3,,0.1
4912274,Sione Vaki,DET,RB,8,0,0,0.4,170.0,22.3,ACTIVE,,,,,,,,,,0.4,,,,,,,
4034948,Feleipe Franks,ATL,TE,5,0,0,0.4,170.0,23.4,ACTIVE,,,,,,0.2,,,,,,0.2,,,,,
4430656,Myles Price,MIN,WR,6,0,0,0.3,170.0,18.2,QUESTIONABLE,,,,,,,,,,,,,,,,0.1,0.2
3044720,Joshua Dobbs,NE,QB,14,0,0,0.3,170.0,34.0,ACTIVE,,,,,,,0.3,,,,,,,,,,
2975417,Patrick Ricard,BAL,RB,7,0,0,0.3,170.0,21.2,QUESTIONABLE,,,,,,,,,,0.3,,,,,,,
3926231,Britain Covey,PHI,WR,9,0,0,0.2,170.0,15.5,ACTIVE,,,,,,,,,,,,,,,,0.1,0.1
4429012,Kendall Milton,CIN,RB,10,0,0,0.2,170.0,20.6,ACTIVE,,,,,,,,,,,0.2,,,,,,
4690143,LaJohntay Wester,BAL,WR,7,0,0,0.1,170.0,16.3,ACTIVE,,,,,,,,,,,,,,,,0.0,0.0
4570738,Ke'Shawn Williams,CIN,WR,10,0,0,0.1,170.0,19.8,ACTIVE,,,,,,,,,,,,,,,0.1,0.0,0.0
4567506,Tahj Washington,MIA,WR,12,0,0,0.1,170.0,20.6,ACTIVE,,,,,,,,,0.1,,,,,,,,
3119195,Chase Edmonds,WSH,RB,12,0,0,0.1,170.0,4.6,ACTIVE,,,,,,,,,,,,,,,,,0.1
4240069,Malik Cunningham,DET,WR,8,0,0,0.1,170.0,20.2,ACTIVE,,,,,,,,,,,,,,0.1,,,
3116385,Joe Mixon,HOU,RB,6,0,0,0.0,170.0,19.4,OUT,,,,,,,,,,,,,,,,,
3917232,Tyler Bass,BUF,K,7,0,0,0.0,170.0,6.4,INJURY_RESERVE,,,,,,,,,,,,,,,,,
4360438,Brandon Aiyuk,SF,WR,14,0,0,0.0,170.0,19.4,OUT,,,,,,,,,,,,,,,,,
3124679,Jason Sanders,MIA,K,12,0,0,0.0,170.0,3.7,INJURY_RESERVE,,,,,,,,,,,,,,,,,
4372561,Isaac Guerendo,SF,RB,14,0,0,0.0,170.0,18.8,ACTIVE,,,,,,,,,,,,,,,,,
4429023,MarShawn Lloyd,GB,RB,5,0,0,0.0,170.0,18.2,INJURY_RESERVE,,,,,,,,,,,,,,,,,
2976499,Amari Cooper,LV,WR,8,0,0,0.0,170.0,19.0,ACTIVE,,,,,,,,,,,,,,,,,
4366031,Tank Dell,HOU,WR,6,0,0,0.0,170.0,18.6,OUT,,,,,,,,,,,,,,,,,
3122840,Deshaun Watson,CLE,QB,9,0,0,0.0,170.0,30.0,OUT,,,,,,,,,,,,,,,,,
4710341,Jarquez Hunter,LAR,RB,8,0,0,0.0,170.0,17.6,ACTIVE,,,,,,,,,,,,,,,,,
4678008,Jonathon Brooks,CAR,RB,14,0,0,0.0,170.0,17.0,OUT,,,,,,,,,,,,,,,,,
16760,Jimmy Garoppolo,LAR,QB,8,0,0,0.0,170.0,28.0,ACTIVE,,,,,,,,,,,,,,,,,
4429955,Will Howard,PIT,QB,5,0,0,0.0,170.0,27.0,ACTIVE,,,,,,,,,,,,,,,,,
4249836,Pierre Strong Jr.,GB,RB,5,0,0,0.0,170.0,15.8,ACTIVE,,,,,,,,,,,,,,,,,
4685397,Jordan James,SF,RB,14,0,0,0.0,170.0,15.2,ACTIVE,,,,,,,,,,,,,,,,,
4431562,Phil Mafah,DAL,RB,10,0,0,0.0,170.0,14.6,INJURY_RESERVE,,,,,,,,,,,,,,,,,
4240391,Tommy DeVito,NE,QB,14,0,0,0.0,170.0,26.0,ACTIVE,,,,,,,,,,,,,,,,,
3045138,Mike Williams,LAC,WR,12,0,0,0.0,170.0,16.7,OUT,,,,,,,,,,,,,,,,,
3892775,Jarrett Stidham,DEN,QB,12,0,0,0.0,170.0,25.0,ACTIVE,,,,,,,,,,,,,,,,,
4259553,Stetson Bennett IV,LAR,QB,8,0,0,0.0,170.0,24.0,ACTIVE,,,,,,,,,,,,,,,,,
3115293,Kyle Allen,DET,QB,8,0,0,0.0,170.0,23.0,ACTIVE,,,,,,,,,,,,,,,,,
16757,Derek Carr,NO,QB,11,0,0,0.0,170.0,22.0,QUESTIONABLE,,,,,,,,,,,,,,,,,
4037457,Travis Homer,CHI,RB,5,0,0,0.0,170.0,14.0,ACTIVE,,,,,,,,,,,,,,,,,
4361418,Will Levis,TEN,QB,10,0,0,0.0,170.0,21.0,INJURY_RESERVE,,,,,,,,,,,,,,,,,
4426875,Sam Howell,PHI,QB,9,0,0,0.0,170.0,20.0,ACTIVE,,,,,,,,,,,,,,,,,
4048244,Alexander Mattison,MIA,RB,12,0,0,0.0,170.0,13.4,INJURY_RESERVE,,,,,,,,,,,,,,,,,
4240858,Hendon Hooker,NYJ,QB,9,0,0,0.0,170.0,19.0,ACTIVE,,,,,,,,,,,,,,,,,
4691688,Robbie Ouzts,SEA,RB,8,0,0,0.0,170.0,12.9,ACTIVE,,,,,,,,,,,,,,,,,
4372485,Rondale Moore,MIN,WR,6,0,0,0.0,170.0,15.9,INJURY_RESERVE,,,,,,,,,,,,,,,,,
4686104,Johnny Wilson,PHI,WR,9,0,0,0.0,170.0,15.1,INJURY_RESERVE,,,,,,,,,,,,,,,,,
4260394,Aidan O'Connell,LV,QB,8,0,0,0.0,170.0,18.0,ACTIVE,,,,,,,,,,,,,,,,,
4596439,Dominic Lovett,DET,WR,8,0,0,0.0,170.0,14.7,ACTIVE,,,,,,,,,,,,,,,,,
4430637,Ja'Lynn Polk,NO,WR,11,0,0,0.0,170.0,14.3,INJURY_RESERVE,,,,,,,,,,,,,,,,,
9614,Marcedes Lewis,DEN,TE,12,0,0,0.0,170.0,22.0,ACTIVE,,,,,,,,,,,,,,,,,
4570561,Eric Gray,NYG,RB,14,0,0,0.0,170.0,12.3,ACTIVE,,,,,,,,,,,,,,,,,
4708049,Gavin Bartholomew,MIN,TE,6,0,0,0.0,170.0,21.3,OUT,,,,,,,,,,,,,,,,,
2580216,DeAndre Carter,CLE,WR,9,0,0,0.0,170.0,13.9,INJURY_RESERVE,,,,,,,,,,,,,,,,,
3059989,Nick Mullens,JAX,QB,8,0,0,0.0,170.0,33.0,ACTIVE,,,,,,,,,,,,,,0.0,,,
4426407,Trey Palmer,NO,WR,11,0,0,0.0,170.0,13.5,INJURY_RESERVE,,,,,,,,,,,,,,,,,
15168,Case Keenum,CHI,QB,5,0,0,0.0,170.0,17.0,ACTIVE,,,,,,,,,,,,,,,,,
11387,Matthew Slater,NE,WR,14,0,0,0.0,170.0,13.1,ACTIVE,,,,,,,,,,,,,,,,,
3120590,Easton Stick,ATL,QB,5,0,0,0.0,170.0,16.0,ACTIVE,,,,,,,,,,,,,,,,,
4249030,D.J. Montgomery,IND,WR,11,0,0,0.0,170.0,12.7,INJURY_RESERVE,,,,,,,,,,,,,,,,,
4372070,Ben VanSumeren,PHI,RB,9,0,0,0.0,170.0,11.7,INJURY_RESERVE,,,,,,,,,,,,,,,,,
4427391,Kenny McIntosh,SEA,RB,8,0,0,0.0,170.0,11.1,INJURY_RESERVE,,,,,,,,,,,,,,,,,
4374045,Teagan Quitoriano,ATL,TE,5,0,0,0.0,170.0,20.7,ACTIVE,,,,,,,,,,,,,,,,,
4243176,Brady Russell,SEA,RB,8,0,0,0.0,170.0,10.5,ACTIVE,,,,,,,,,,,,,,,,,
4431506,Ja'Corey Brooks,WSH,WR,12,0,0,0.0,170.0,12.3,ACTIVE,,,,,,,,,,,,,,,,,
4036419,Skylar Thompson,PIT,QB,5,0,0,0.0,170.0,15.0,INJURY_RESERVE,,,,,,,,,,,,,,,,,
4360175,Clayton Tune,GB,QB,5,0,0,0.0,170.0,14.0,ACTIVE,,,,,,,,,,,,,,,,,
4689988,Jason Brownlee,KC,WR,10,0,0,0.0,170.0,12.0,ACTIVE,,,,,,,,,,,,,,,,,
2574511,Brandon Allen,TEN,QB,10,0,0,0.0,170.0,13.0,ACTIVE,,,,,,,,,,,,,,,,,
4427985,Bub Means,NO,WR,11,0,0,0.0,170.0,11.6,INJURY_RESERVE,,,,,,,,,,,,,,,,,
4034779,Ko Kieft,TB,TE,9,0,0,0.0,170.0,20.0,INJURY_RESERVE,,,,,,,,,,,,,,,,,
2515270,Michael Burton,DEN,RB,12,0,0,0.0,170.0,9.9,INJURY_RESERVE,,,,,,,,,,,,,,,,,
3051889,Laquon Treadwell,IND,WR,11,0,0,0.0,170.0,11.2,ACTIVE,,,,,,,,,,,,,,,,,
4034946,Kyle Trask,ATL,QB,5,0,0,0.0,170.0,12.0,ACTIVE,,,,,,,,,,,,,,,,,
4575665,Jacob Cowing,SF,WR,14,0,0,0.0,170.0,10.8,INJURY_RESERVE,,,,,,,,,,,,,,,,,
4430431,Kurtis Rourke,SF,QB,14,0,0,0.0,170.0,11.0,OUT,,,,,,,,,,,,,,,,,
4039358,Patrick Taylor Jr.,SF,RB,14,0,0,0.0,170.0,9.3,INJURY_RESERVE,,,,,,,,,,,,,,,,,
4590292,Thomas Fidone II,NYG,TE,14,0,0,0.0,170.0,19.3,INJURY_RESERVE,,,,,,,,,,,,,,,,,
4250360,Bailey Zappe,CLE,QB,9,0,0,0.0,170.0,10.0,ACTIVE,,,,,,,,,,,,,,,,,
4361100,Jack Westover,NE,TE,14,0,0,0.0,170.0,18.6,QUESTIONABLE,,,,,,,,,,,,,,,,,
4240631,DeeJay Dallas,JAX,RB,8,0,0,0.0,170.0,20.0,ACTIVE,,,,,,,,,0.0,,,,,,,,
4426893,Joshua Cephus,JAX,WR,8,0,0,0.0,170.0,10.0,INJURY_RESERVE,,,,,,,,,,,,,,,,,
3925347,Damien Harris,BUF,RB,7,0,0,0.0,170.0,8.7,ACTIVE,,,,,,,,,,,,,,,,,
4259324,Travis Vokolek,ARI,TE,8,0,0,0.0,170.0,17.3,INJURY_RESERVE,,,,,,,,,,,,,,,,,
3929636,Irvin Charles,NYJ,WR,9,0,0,0.0,170.0,9.2,OUT,,,,,,,,,,,,,,,,,
4431479,Ricky White III,SEA,WR,8,0,0,0.0,170.0,8.8,ACTIVE,,,,,,,,,,,,,,,,,
4372026,Cameron Latu,PHI,TE,9,0,0,0.0,170.0,16.6,ACTIVE,,,,,,,,,,,,,,,,,
4243004,Jordan Mims,TEN,RB,10,0,0,0.0,170.0,8.1,ACTIVE,,,,,,,,,,,,,,,,,
4362087,Keaontay Ingram,KC,RB,10,0,0,0.0,170.0,7.5,INJURY_RESERVE,,,,,,,,,,,,,,,,,
4243315,Salvon Ahmed,IND,RB,11,0,0,0.0,170.0,6.9,INJURY_RESERVE,,,,,,,,,,,,,,,,,
3122976,Jeff Wilson Jr.,MIA,RB,12,0,0,0.0,170.0,6.3,ACTIVE,,,,,,,,,,,,,,,,,
4362227,Bryce Ford-Wheaton,NYG,WR,14,0,0,0.0,170.0,8.4,INJURY_RESERVE,,,,,,,,,,,,,,,,,
4698191,Chris Collier,LV,RB,8,0,0,0.0,170.0,5.7,ACTIVE,,,,,,,,,,,,,,,,,
4360290,Brayden Willis,SF,TE,14,0,0,0.0,170.0,15.2,ACTIVE,,,,,,,,,,,,,,,,,
2576399,Nick Vannett,LAR,TE,8,0,0,0.0,170.0,14.6,ACTIVE,,,,,,,,,,,,,,,,,
3917960,Steven Sims,ARI,WR,8,0,0,0.0,170.0,8.0,ACTIVE,,,,,,,,,,,,,,,,,
4372526,Deneric Prince,NE,RB,14,0,0,0.0,170.0,5.1,INJURY_RESERVE,,,,,,,,,,,,,,,,,
4427834,Erick All Jr.,CIN,TE,10,0,0,0.0,170.0,13.9,OUT,,,,,,,,,,,,,,,,,
12477,Brian Hoyer,LV,QB,8,0,0,0.0,170.0,9.0,ACTIVE,,,,,,,,,,,,,,,,,
4362504,Brevin Jordan,HOU,TE,6,0,0,0.0,170.0,13.2,INJURY_RESERVE,,,,,,,,,,,,,,,,,
4245645,Gary Brightwell,CIN,RB,10,0,0,0.0,170.0,4.0,ACTIVE,,,,,,,,,,,,,,,,,
2576623,DeVante Parker,PHI,WR,9,0,0,0.0,170.0,7.7,ACTIVE,,,,,,,,,,,,,,,,,
4698253,Lan Larison,NE,RB,14,0,0,0.0,170.0,3.4,INJURY_RESERVE,,,,,,,,,,,,,,,,,
3121410,Parris Campbell,DAL,WR,10,0,0,0.0,170.0,7.3,ACTIVE,,,,,,,,,,,,,,,,,
4428119,Lew Nichols,PIT,RB,5,0,0,0.0,170.0,2.8,ACTIVE,,,,,,,,,,,,,,,,,
2574630,Jeff Driskel,WSH,QB,12,0,0,0.0,170.0,8.0,ACTIVE,,,,,,,,,,,,,,,,,
4039034,Shane Buechele,KC,QB,10,0,0,0.0,170.0,7.0,ACTIVE,,,,,,,,,,,,,,,,,
4569547,Nick Kallerup,SEA,TE,8,0,0,0.0,170.0,11.8,ACTIVE,,,,,,,,,,,,,,,,,
16810,AJ McCarron,CIN,QB,10,0,0,0.0,170.0,6.0,ACTIVE,,,,,,,,,,,,,,,,,
3912092,Donald Parham Jr.,PIT,TE,5,0,0,0.0,170.0,11.2,INJURY_RESERVE,,,,,,,,,,,,,,,,,
4241820,Sam Ehlinger,DEN,QB,12,0,0,0.0,170.0,5.0,ACTIVE,,,,,,,,,,,,,,,,,
4426335,Graham Mertz,HOU,QB,6,0,0,0.0,170.0,4.0,ACTIVE,,,,,,,,,,,,,,,,,
4360739,Simi Fehoko,ARI,WR,8,0,0,0.0,170.0,6.5,INJURY_RESERVE,,,,,,,,,,,,,,,,,
4428512,Kedon Slovis,ARI,QB,8,0,0,0.0,170.0,3.0,ACTIVE,,,,,,,,,,,,,,,,,
4430684,Treyton Welch,NO,TE,11,0,0,0.0,170.0,10.5,ACTIVE,,,,,,,,,,,,,,,,,
4432731,Moliki Matavao,NO,TE,11,0,0,0.0,170.0,9.8,ACTIVE,,,,,,,,,,,,,,,,,
4248425,Carlos Washington Jr.,ATL,RB,5,0,0,0.0,170.0,2.2,ACTIVE,,,,,,,,,,,,,,,,,
3916564,Tyree Jackson,WSH,TE,12,0,0,0.0,170.0,9.1,INJURY_RESERVE,,,,,,,,,,,,,,,,,
3124092,John Wolford,MIN,QB,6,0,0,0.0,170.0,2.0,ACTIVE,,,,,,,,,,,,,,,,,
4248557,E.J. Jenkins,PHI,TE,9,0,0,0.0,170.0,8.5,ACTIVE,,,,,,,,,,,,,,,,,
4242442,Princeton Fant,DAL,TE,10,0,0,0.0,170.0,7.8,ACTIVE,,,,,,,,,,,,,,,,,
4602788,Jackson Meeks,DET,WR,8,0,0,0.0,170.0,6.1,ACTIVE,,,,,,,,,,,,,,,,,
4426689,Ulysses Bentley IV,IND,RB,11,0,0,0.0,170.0,1.6,ACTIVE,,,,,,,,,,,,,,,,,
4242369,Matt Bushman,KC,TE,10,0,0,0.0,170.0,7.1,ACTIVE,,,,,,,,,,,,,,,,,
3722362,Brett Rypien,MIN,QB,6,0,0,0.0,170.0,1.0,ACTIVE,,,,,,,,,,,,,,,,,
2579604,Phillip Dorsett II,LV,WR,8,0,0,0.0,170.0,5.7,ACTIVE,,,,,,,,,,,,,,,,,
4367510,Dante Miller,NYG,RB,14,0,0,0.0,170.0,1.0,ACTIVE,,,,,,,,,,,,,,,,,
4035793,Quintez Cephus,HOU,WR,6,0,0,0.0,170.0,5.3,ACTIVE,,,,,,,,,,,,,,,,,
3040569,Trent Taylor,SF,WR,14,0,0,0.0,170.0,4.9,INJURY_RESERVE,,,,,,,,,,,,,,,,,
4570409,David Bell,CLE,WR,9,0,0,0.0,170.0,4.5,OUT,,,,,,,,,,,,,,,,,
4369886,Chris Blair,ATL,WR,5,0,0,0.0,170.0,4.1,ACTIVE,,,,,,,,,,,,,,,,,
4431342,Brennan Presley,LAR,WR,8,0,0,0.0,170.0,3.7,ACTIVE,,,,,,,,,,,,,,,,,
4877824,Zach Horton,DET,TE,8,0,0,0.0,170.0,6.4,ACTIVE,,,,,,,,,,,,,,,,,
3929637,Dan Chisena,CAR,WR,14,0,0,0.0,170.0,3.3,ACTIVE,,,,,,,,,,,,,,,,,
4036211,DJ Turner,LV,WR,8,0,0,0.0,170.0,3.0,ACTIVE,,,,,,,,,,,,,,,,,
3948283,Stephen Carlson,CHI,TE,5,0,0,0.0,170.0,5.7,ACTIVE,,,,,,,,,,,,,,,,,
4429466,Drake Dabney,GB,TE,5,0,0,0.0,170.0,5.1,ACTIVE,,,,,,,,,,,,,,,,,
3917849,Lawrence Cager,WSH,TE,12,0,0,0.0,170.0,4.4,ACTIVE,,,,,,,,,,,,,,,,,
4569372,Dalevon Campbell,LAC,WR,12,0,0,0.0,170.0,2.6,ACTIVE,,,,,,,,,,,,,,,,,
3914307,Maurice Alexander,CHI,WR,5,0,0,0.0,170.0,2.2,ACTIVE,,,,,,,,,,,,,,,,,
4746079,Zach Davidson,NYG,TE,14,0,0,0.0,170.0,3.7,ACTIVE,,,,,,,,,,,,,,,,,
4596545,CJ Dippre,NE,TE,14,0,0,0.0,170.0,3.0,ACTIVE,,,,,,,,,,,,,,,,,
3115928,Malik Turner,SF,WR,14,0,0,0.0,170.0,1.8,ACTIVE,,,,,,,,,,,,,,,,,
3916749,Giovanni Ricci,DET,TE,8,0,0,0.0,170.0,2.4,ACTIVE,,,,,,,,,,,,,,,,,
4242536,Sal Cannella,CLE,TE,9,0,0,0.0,170.0,1.7,ACTIVE,,,,,,,,,,,,,,,,,
4916349,Nikola Kalinic,CHI,TE,5,0,0,0.0,170.0,1.0,ACTIVE,,,,,,,,,,,,,,,,,
4578436,Coleman Owen,IND,WR,11,0,0,0.0,170.0,1.4,ACTIVE,,,,,,,,,,,,,,,,,
4570296,Dalen Cambre,NYG,WR,14,0,0,0.0,170.0,1.0,ACTIVE,,,,,,,,,,,,,,,,,
