id,name,team,position,bye_week,fantasy_points,injury_status,drafted,locked
4432710,TreVeyon Henderson,NE,RB,14,121.96998266000001,ACTIVE,0,0
4685415,Travis Hunter,JAX,WR,8,141.04317384999996,ACTIVE,0,0
4431611,Caleb Williams,CHI,QB,5,305.94787779,ACTIVE,0,0
-16034,Texans D/ST,HOU,DST,6,104.45227926000001,ACTIVE,0,0
3150744,Chase McLaughlin,TB,K,9,144.53147538,ACTIVE,0,0
4701936,Matthew Golden,GB,WR,5,139.88009514,ACTIVE,0,0
3055899,Harrison Butker,KC,K,10,131.83731090999999,ACTIVE,0,0
4360516,Tyrone Tracy Jr.,NYG,RB,14,114.31987623999999,DOUBTFUL,0,0
4373678,Khalil Shakir,BUF,WR,7,149.40172389,ACTIVE,0,0
-16002,Bills D/ST,BUF,DST,7,113.86247485999999,ACTIVE,0,0
-16008,Lions D/ST,DET,DST,8,97.27701631000001,ACTIVE,0,0
4360248,Kyle Pitts Sr.,ATL,TE,5,138.27617304,ACTIVE,0,0
3045147,James Conner,ARI,RB,8,34.23159459,INJURY_RESERVE,0,0
4241372,Hollywood Brown,KC,WR,10,141.85063999,ACTIVE,0,0
-16021,Eagles D/ST,PHI,DST,9,95.31075856999999,ACTIVE,0,0
4032473,Rashid Shaheed,NO,WR,11,154.29993145,ACTIVE,0,0
3051876,Evan Engram,DEN,TE,12,92.49134955000001,QUESTIONABLE,0,0
3046439,Hunter Henry,NE,TE,14,191.27478671999998,ACTIVE,0,0
11122,Matt Prater,BUF,K,7,38.68560974,ACTIVE,0,0
4362249,Jayden Reed,GB,WR,5,95.11579607000002,INJURY_RESERVE,0,0
4686361,Cam Little,JAX,K,8,132.06010247,ACTIVE,0,0
-16017,Patriots D/ST,NE,DST,14,94.78227908,ACTIVE,0,0
4688813,Josh Downs,IND,WR,11,122.11765273999998,ACTIVE,0,0
4428718,Tre Tucker,LV,WR,8,195.84517537,ACTIVE,0,0
4723086,Colston Loveland,CHI,TE,5,62.783553909999995,QUESTIONABLE,0,0
4819231,Kaleb Johnson,PIT,RB,5,5.512122199999999,ACTIVE,0,0
-16024,Chargers D/ST,LAC,DST,12,100.60433571,ACTIVE,0,0
4433970,J.J. McCarthy,MIN,QB,6,210.43214266,OUT,0,0
4369863,Cedric Tillman,CLE,WR,9,136.12292533,ACTIVE,0,0
4372019,Jerome Ford,CLE,RB,9,97.8096753,ACTIVE,0,0
3068267,Austin Ekeler,WSH,RB,12,13.1,INJURY_RESERVE,0,0
12483,Matthew Stafford,LAR,QB,8,251.07551798999998,ACTIVE,0,0
4429013,Tank Bigsby,PHI,RB,9,5.380401130000002,ACTIVE,0,0
3917232,Tyler Bass,BUF,K,7,99.80776064999999,INJURY_RESERVE,0,0
-16027,Buccaneers D/ST,TB,DST,9,101.44676793999997,ACTIVE,0,0
4360438,Brandon Aiyuk,SF,WR,14,78.58379323000001,OUT,0,0
3054212,Jonnu Smith,PIT,TE,5,135.25649119,ACTIVE,0,0
17427,Cairo Santos,CHI,K,5,125.94379454999999,ACTIVE,0,0
4430034,Xavier Legette,CAR,WR,14,87.68581381999999,QUESTIONABLE,0,0
5083076,Harold Fannin Jr.,CLE,TE,9,120.60646258000001,ACTIVE,0,0
2971573,Ka'imi Fairbairn,HOU,K,6,123.47418689,ACTIVE,0,0
3059915,Kareem Hunt,KC,RB,10,135.54033026999997,ACTIVE,0,0
4361432,Romeo Doubs,GB,WR,5,147.97249922999998,ACTIVE,0,0
4877706,Jayden Higgins,HOU,WR,6,53.21643702000001,ACTIVE,0,0
4360310,Trevor Lawrence,JAX,QB,8,247.59334098,ACTIVE,0,0
4371733,Kenneth Gainwell,PIT,RB,5,142.63692984,ACTIVE,0,0
4685247,Braelon Allen,NYJ,RB,9,85.75261275999999,ACTIVE,0,0
4428557,Tyjae Spears,TEN,RB,10,89.19203019,INJURY_RESERVE,0,0
4883647,Elic Ayomanor,TEN,WR,10,148.44053889,ACTIVE,0,0
-16022,Cardinals D/ST,ARI,DST,8,99.64989837999998,ACTIVE,0,0
4360939,Rashod Bateman,BAL,WR,7,160.59965387000003,ACTIVE,0,0
3895856,Christian Kirk,HOU,WR,6,149.97595804000002,ACTIVE,0,0
4241457,Najee Harris,LAC,RB,12,14.966341360000001,OUT,0,0
4360423,Michael Penix Jr.,ATL,QB,5,222.43762963,ACTIVE,0,0
16460,Adam Thielen,MIN,WR,6,45.720121770000006,ACTIVE,0,0
4685279,Jaydon Blue,DAL,RB,10,19.29304786,ACTIVE,0,0
4241479,Tua Tagovailoa,MIA,QB,12,245.94924618,ACTIVE,0,0
4430539,Brenton Strange,JAX,TE,8,134.49546107000003,ACTIVE,0,0
15864,Geno Smith,LV,QB,8,249.35851114999997,ACTIVE,0,0
4429059,Woody Marks,HOU,RB,6,111.83027706,ACTIVE,0,0
8439,Aaron Rodgers,PIT,QB,5,236.25554060000002,ACTIVE,0,0
4429022,Kayshon Boutte,NE,WR,14,123.95167015999999,ACTIVE,0,0
-16012,Chiefs D/ST,KC,DST,10,97.37573101,ACTIVE,0,0
4360635,Chig Okonkwo,TEN,TE,10,142.76182603999996,ACTIVE,0,0
4429096,Blake Corum,LAR,RB,8,73.59073455,ACTIVE,0,0
16339,Brandon McManus,GB,K,5,125.61071354999999,ACTIVE,0,0
4429501,Ray Davis,BUF,RB,7,51.55221756,ACTIVE,0,0
4688380,Cam Ward,TEN,QB,10,192.84142572999997,ACTIVE,0,0
-16004,Bengals D/ST,CIN,DST,10,62.25181861,ACTIVE,0,0
4689114,Jaxson Dart,NYG,QB,14,183.81355201,ACTIVE,0,0
3124679,Jason Sanders,MIA,K,12,94.93175807000001,INJURY_RESERVE,0,0
4427095,DeMario Douglas,NE,WR,14,90.98201222,ACTIVE,0,0
-16028,Commanders D/ST,WSH,DST,12,77.23845727000001,ACTIVE,0,0
-16020,Jets D/ST,NYJ,DST,9,92.64382422,ACTIVE,0,0
14881,Russell Wilson,NYG,QB,14,32.11448223,ACTIVE,0,0
4243389,Calvin Austin III,PIT,WR,5,165.25732048999998,ACTIVE,0,0
4243331,Cade Otton,TB,TE,9,96.04076722000002,ACTIVE,0,0
4685278,Luther Burden III,CHI,WR,5,88.61010599,ACTIVE,0,0
2576925,Darren Waller,MIA,TE,12,60.72035377,QUESTIONABLE,0,0
2473037,Jason Myers,SEA,K,8,135.90022480999997,ACTIVE,0,0
4242433,Joshua Palmer,BUF,WR,7,92.33833097,ACTIVE,0,0
3117256,Dalton Schultz,HOU,TE,6,128.18530031999998,ACTIVE,0,0
4566192,Joshua Karty,LAR,K,8,121.95175331,ACTIVE,0,0
4362921,Tyquan Thornton,KC,WR,10,53.2900237,ACTIVE,0,0
4685720,Bryce Young,CAR,QB,14,236.35544287000002,ACTIVE,0,0
4431545,Will Shipley,PHI,RB,9,32.25565652,QUESTIONABLE,0,0
3886812,Jake Browning,CIN,QB,10,222.16825597000005,ACTIVE,0,0
3120348,JuJu Smith-Schuster,KC,WR,10,60.051939409999996,ACTIVE,0,0
4361411,Pat Freiermuth,PIT,TE,5,94.97664588,ACTIVE,0,0
-16019,Giants D/ST,NYG,DST,14,79.60103968,ACTIVE,0,0
4695883,Jalen Coker,CAR,WR,14,81.13549247,INJURY_RESERVE,0,0
4686612,Tre' Harris,LAC,WR,12,44.323296420000005,ACTIVE,0,0
4432775,Dont'e Thornton Jr.,LV,WR,8,104.60647381999998,ACTIVE,0,0
4567104,Will Reichard,MIN,K,6,132.03105989000002,ACTIVE,0,0
4038815,Rico Dowdle,CAR,RB,14,95.38154741000001,ACTIVE,0,0
2576980,Marcus Mariota,WSH,QB,12,20.28,ACTIVE,0,0
-16030,Jaguars D/ST,JAX,DST,8,111.43394913,ACTIVE,0,0
3127586,Jeremy McNichols,WSH,RB,12,82.12600379,ACTIVE,0,0
3135321,Hunter Renfrow,CAR,WR,14,86.87454177000001,ACTIVE,0,0
-16003,Bears D/ST,CHI,DST,5,100.72737742,ACTIVE,0,0
4682745,Jaylen Wright,MIA,RB,12,4.9696514999999994,ACTIVE,0,0
4599739,Kendre Miller,NO,RB,11,80.83525420000001,ACTIVE,0,0
4360761,Michael Wilson,ARI,WR,8,91.50756531,ACTIVE,0,0
4045163,Miles Sanders,DAL,RB,10,84.32000084,ACTIVE,0,0
4361577,Dyami Brown,JAX,WR,8,142.96980573,QUESTIONABLE,0,0
4603186,Jack Bech,LV,WR,8,27.345204489999997,ACTIVE,0,0
-16006,Cowboys D/ST,DAL,DST,10,64.65990347,ACTIVE,0,0
2573079,Carson Wentz,MIN,QB,6,43.17478481,ACTIVE,0,0
4597703,Tory Horton,SEA,WR,8,129.98503534,ACTIVE,0,0
2976592,Sterling Shepard,TB,WR,9,62.41256751000001,ACTIVE,0,0
5123663,Isaac TeSlaa,DET,WR,8,41.00850100000001,ACTIVE,0,0
4428850,Dontayvion Wicks,GB,WR,5,91.69679934,ACTIVE,0,0
3124084,Joey Slye,TEN,K,10,127.17637096,ACTIVE,0,0
3051909,Daniel Carlson,LV,K,8,122.85521041000003,ACTIVE,0,0
2577327,Tyler Lockett,TEN,WR,10,79.76571972,ACTIVE,0,0
4372561,Isaac Guerendo,SF,RB,14,2.912608250000001,ACTIVE,0,0
10621,Nick Folk,NYJ,K,9,128.16222740999999,ACTIVE,0,0
3916945,Darius Slayton,NYG,WR,14,99.46636257,ACTIVE,0,0
4360238,Dameon Pierce,HOU,RB,6,3.47853942,ACTIVE,0,0
4362619,Chris Rodriguez Jr.,WSH,RB,12,74.28258223,ACTIVE,0,0
3676833,KaVontae Turpin,DAL,WR,10,87.59446986999998,ACTIVE,0,0
4808766,Mason Taylor,NYJ,TE,9,86.09775006,ACTIVE,0,0
2976499,Amari Cooper,LV,WR,8,2.7001611783376642,ACTIVE,0,0
4429023,MarShawn Lloyd,GB,RB,5,53.64871977,INJURY_RESERVE,0,0
4241464,Mac Jones,SF,QB,14,27.98982264,QUESTIONABLE,0,0
4426386,Roschon Johnson,CHI,RB,5,80.58860085,ACTIVE,0,0
4036131,Noah Fant,CIN,TE,10,119.42759627,QUESTIONABLE,0,0
4430834,Jalen McMillan,TB,WR,9,30.48336282,INJURY_RESERVE,0,0
-16005,Browns D/ST,CLE,DST,9,102.21676584000001,ACTIVE,0,0
4040761,Devin Singletary,NYG,RB,14,33.927630840000006,ACTIVE,0,0
4259147,Jake Tonges,SF,TE,14,29.81691804,ACTIVE,0,0
4034949,Eddy Pineiro,SF,K,14,125.35336084000001,ACTIVE,0,0
4248528,Christian Watson,GB,WR,5,50.00464335,OUT,0,0
3728262,Ray-Ray McCloud III,ATL,WR,5,95.31176002000001,ACTIVE,0,0
3929785,Nick Westbrook-Ikhine,MIA,WR,12,50.435590680000004,ACTIVE,0,0
4613202,Kyle Williams,NE,WR,14,17.92202153,ACTIVE,0,0
4874509,DJ Giddens,IND,RB,11,17.01438181,ACTIVE,0,0
-16015,Dolphins D/ST,MIA,DST,12,82.37323555,ACTIVE,0,0
2573401,Tyler Higbee,LAR,TE,8,83.60919066,ACTIVE,0,0
3116164,Mike Gesicki,CIN,TE,10,84.47452222999999,ACTIVE,0,0
4432762,Shedeur Sanders,CLE,QB,9,55.9569086,ACTIVE,0,0
4600981,Pat Bryant,DEN,WR,12,24.50648549,ACTIVE,0,0
4426339,Spencer Rattler,NO,QB,11,226.22662286000002,ACTIVE,0,0
11252,Joe Flacco,CLE,QB,9,173.96009303,ACTIVE,0,0
4429086,Michael Mayer,LV,TE,8,60.73025309,QUESTIONABLE,0,0
4362478,Emari Demercado,ARI,RB,8,75.21099228,ACTIVE,0,0
4429148,Theo Johnson,NYG,TE,14,77.13843513,ACTIVE,0,0
4360797,Tutu Atwell,LAR,WR,8,32.39610909,ACTIVE,0,0
-16029,Panthers D/ST,CAR,DST,14,73.72601162,ACTIVE,0,0
4051167,Parker Romo,ATL,K,5,112.20365974,ACTIVE,0,0
4678006,Elijah Arroyo,SEA,TE,8,58.305547559999994,QUESTIONABLE,0,0
4569603,Malik Washington,MIA,WR,12,132.81668330000002,ACTIVE,0,0
4249417,Jalen Tolbert,DAL,WR,10,77.20063194,ACTIVE,0,0
4597500,Adonai Mitchell,IND,WR,11,62.35268391000001,ACTIVE,0,0
4360078,Alec Pierce,IND,WR,11,116.34843786,QUESTIONABLE,0,0
3115306,Josh Reynolds,NYJ,WR,9,75.59731117999999,QUESTIONABLE,0,0
16731,Brandin Cooks,NO,WR,11,86.42702329000001,ACTIVE,0,0
4429084,Anthony Richardson Sr.,IND,QB,11,70.36818771,ACTIVE,0,0
2576414,Raheem Mostert,LV,RB,8,46.22094905,ACTIVE,0,0
4366031,Tank Dell,HOU,WR,6,121.01356297,OUT,0,0
3116389,Samaje Perine,CIN,RB,10,55.986825350000004,QUESTIONABLE,0,0
-16013,Raiders D/ST,LV,DST,8,70.20393067,ACTIVE,0,0
4382466,Jalen Nailor,MIN,WR,6,81.03529028,ACTIVE,0,0
4258595,Cole Kmet,CHI,TE,5,60.378886099999995,ACTIVE,0,0
3915411,Ty Johnson,BUF,RB,7,56.69331241,ACTIVE,0,0
2468609,Taysom Hill,NO,TE,11,94.84000000000002,OUT,0,0
4363538,Chad Ryland,ARI,K,8,120.63260781999999,ACTIVE,0,0
4569923,Andy Borregales,NE,K,14,123.93959159000002,ACTIVE,0,0
4368003,Andrei Iosivas,CIN,WR,10,49.877571599999996,ACTIVE,0,0
4431268,Chimere Dike,TEN,WR,10,81.90740216999998,ACTIVE,0,0
4685350,Trevor Etienne,CAR,RB,14,14.38723913,ACTIVE,0,0
14163,Tyrod Taylor,NYJ,QB,9,25.02,ACTIVE,0,0
4596334,Keaton Mitchell,BAL,RB,7,27.46882409,ACTIVE,0,0
12460,Graham Gano,NYG,K,14,113.83993728000002,QUESTIONABLE,0,0
-16018,Saints D/ST,NO,DST,11,65.89593599000001,ACTIVE,0,0
4428085,Luke Musgrave,GB,TE,5,34.211534799999995,ACTIVE,0,0
3121409,Noah Brown,WSH,WR,12,73.41856504,QUESTIONABLE,0,0
4596602,Brashard Smith,KC,RB,10,25.12705449,ACTIVE,0,0
3930086,Dawson Knox,BUF,TE,7,55.620588420000004,ACTIVE,0,0
4360294,Antonio Gibson,NE,RB,14,69.12422208999999,ACTIVE,0,0
4361409,Jahan Dotson,PHI,WR,9,52.9327736,ACTIVE,0,0
3917914,Olamide Zaccheaus,CHI,WR,5,119.13244232999999,ACTIVE,0,0
4241555,Elijah Mitchell,KC,RB,10,1.0,ACTIVE,0,0
4257364,Zavier Scott,MIN,RB,6,25.497225590000003,ACTIVE,0,0
4240472,Noah Gray,KC,TE,10,66.89724041000001,ACTIVE,0,0
4595342,Oronde Gadsden II,LAC,TE,12,69.8831478,ACTIVE,0,0
-16010,Titans D/ST,TEN,DST,10,58.18615014,ACTIVE,0,0
4240021,Cam Akers,MIN,RB,6,4.4,ACTIVE,0,0
3128390,Allen Lazard,NYJ,WR,9,19.96041422,ACTIVE,0,0
16002,Kyle Juszczyk,SF,RB,14,31.300998269999997,ACTIVE,0,0
4568263,Ryan Fitzgerald,CAR,K,14,119.6022822,ACTIVE,0,0
4361777,Zamir White,LV,RB,8,52.14069501,ACTIVE,0,0
4430871,Sean Tucker,TB,RB,9,8.078465480000002,ACTIVE,0,0
4432620,Parker Washington,JAX,WR,8,103.34089523,ACTIVE,0,0
4259619,Blake Grupe,NO,K,11,114.54693644999999,ACTIVE,0,0
3149687,Chris Brooks,GB,RB,5,41.63979736,ACTIVE,0,0
14880,Kirk Cousins,ATL,QB,5,0.14230668,ACTIVE,0,0
4431492,Roman Wilson,PIT,WR,5,34.196242840000004,ACTIVE,0,0
4682652,Devin Neal,NO,RB,11,0.9,ACTIVE,0,0
4710341,Jarquez Hunter,LAR,RB,8,0.23945566,ACTIVE,0,0
4695193,Efton Chism III,NE,WR,14,12.83440076,ACTIVE,0,0
4887558,Emanuel Wilson,GB,RB,5,39.34611775,ACTIVE,0,0
4239934,AJ Dillon,PHI,RB,9,9.95716922,ACTIVE,0,0
4429299,Tahj Brooks,CIN,RB,10,6.589340009999999,ACTIVE,0,0
4576297,AJ Barner,SEA,TE,8,69.48565257,ACTIVE,0,0
4360689,Tyler Shough,NO,QB,11,99.94447129,ACTIVE,0,0
4243537,Gabe Davis,BUF,WR,7,42.471132430000004,QUESTIONABLE,0,0
4432734,Jalen Milroe,SEA,QB,8,2.52857552,ACTIVE,0,0
4426948,Luke McCaffrey,WSH,WR,12,48.01105143,ACTIVE,0,0
4808839,Isaiah Bond,CLE,WR,9,68.08765808,ACTIVE,0,0
4427238,Dillon Gabriel,CLE,QB,9,4.76,ACTIVE,0,0
4570037,Terrance Ferguson,LAR,TE,8,49.303711,ACTIVE,0,0
4722893,Jaleel McLaughlin,DEN,RB,12,20.67911301,ACTIVE,0,0
3043116,Demarcus Robinson,SF,WR,14,23.54628352,ACTIVE,0,0
3045523,Kendrick Bourne,SF,WR,14,25.4119157,ACTIVE,0,0
4586312,Jaylin Noel,HOU,WR,6,26.112979030000005,ACTIVE,0,0
2969939,Jameis Winston,NYG,QB,14,1.0,ACTIVE,0,0
5082630,Jalen Royals,KC,WR,10,24.43972451,ACTIVE,0,0
4695404,Isaiah Davis,NYJ,RB,9,18.40261398,ACTIVE,0,0
4372071,Hassan Haskins,LAC,RB,12,45.788781019999995,ACTIVE,0,0
4372414,Elijah Moore,BUF,WR,7,67.23664294,ACTIVE,0,0
3915486,Tyler Conklin,LAC,TE,12,26.21363133,ACTIVE,0,0
4569559,Devaughn Vele,NO,WR,11,39.617651589999994,QUESTIONABLE,0,0
3930066,Van Jefferson,TEN,WR,10,21.007993659999997,ACTIVE,0,0
4569382,Jordan Whittington,LAR,WR,8,69.75241647000001,ACTIVE,0,0
4367567,Julius Chestnut,TEN,RB,10,7.052005680000001,ACTIVE,0,0
4696882,Devontez Walker,BAL,WR,7,41.74877822999999,ACTIVE,0,0
4602667,Jaylin Lane,WSH,WR,12,65.47560503,ACTIVE,0,0
4690923,Ben Sinnott,WSH,TE,12,8.57654331,ACTIVE,0,0
3127292,Will Dissly,LAC,TE,12,29.152495449999996,QUESTIONABLE,0,0
4037235,Greg Dortch,ARI,WR,8,53.91099582,ACTIVE,0,0
4678008,Jonathon Brooks,CAR,RB,14,12.62624215,OUT,0,0
4258620,Andre Szmyt,CLE,K,9,114.24207241,ACTIVE,0,0
4690070,Mitchell Tinsley,CIN,WR,10,30.10580079,ACTIVE,0,0
4212909,David Moore,CAR,WR,14,19.451211739999998,ACTIVE,0,0
2983509,Dare Ogunbowale,HOU,RB,6,18.01147963,ACTIVE,0,0
4708486,Jimmy Horn Jr.,CAR,WR,14,0.37830268,ACTIVE,0,0
3911853,Adam Trautman,DEN,TE,12,42.107447000000015,ACTIVE,0,0
4911851,LeQuint Allen Jr.,JAX,RB,8,33.81452372,ACTIVE,0,0
4686728,Gunnar Helm,TEN,TE,10,58.18043084999999,ACTIVE,0,0
3043275,Austin Hooper,NE,TE,14,68.60995537,ACTIVE,0,0
4428678,Jamari Thrash,CLE,WR,9,30.005596240000003,ACTIVE,0,0
4360698,Joe Milton III,DAL,QB,10,0.15022745,ACTIVE,0,0
4429121,Kalel Mullings,TEN,RB,10,24.41939217,ACTIVE,0,0
3917668,Alec Ingold,MIA,RB,12,31.926344599999997,ACTIVE,0,0
3122840,Deshaun Watson,CLE,QB,9,34.18,OUT,0,0
4430870,KeAndre Lambert-Smith,LAC,WR,12,21.94320447,ACTIVE,0,0
4430802,Darnell Washington,PIT,TE,5,11.25831283,ACTIVE,0,0
16760,Jimmy Garoppolo,LAR,QB,8,2.71254298,ACTIVE,0,0
4608810,Tez Johnson,TB,WR,9,5.422568780000001,ACTIVE,0,0
3121427,Curtis Samuel,BUF,WR,7,46.28988381,ACTIVE,0,0
4429835,George Holani,SEA,RB,8,5.22284437,ACTIVE,0,0
4567096,John Metchie III,PHI,WR,9,7.167886640000001,ACTIVE,0,0
4241374,Grant Calcaterra,PHI,TE,9,15.12597735,ACTIVE,0,0
4360405,Jake Bobo,SEA,WR,8,5.182308549999999,ACTIVE,0,0
4431487,Savion Williams,GB,WR,5,29.81017416,ACTIVE,0,0
4242431,Ty Chandler,MIN,RB,6,8.71167019,INJURY_RESERVE,0,0
4040612,Luke Farrell,SF,TE,14,16.866380389999996,ACTIVE,0,0
4240703,Kenny Pickett,LV,QB,8,2.21931874,ACTIVE,0,0
4242392,Brock Wright,DET,TE,8,22.68856932,ACTIVE,0,0
2973405,Kalif Raymond,DET,WR,8,38.39314657,ACTIVE,0,0
4429955,Will Howard,PIT,QB,5,210.0,INJURY_RESERVE,0,0
2991662,Mack Hollins,NE,WR,14,79.23579993,ACTIVE,0,0
4692590,Jalin Hyatt,NYG,WR,14,7.92536985,ACTIVE,0,0
4685397,Jordan James,SF,RB,14,2.57541275,ACTIVE,0,0
4243371,Riley Patterson,MIA,K,12,29.049972659999998,ACTIVE,0,0
4434153,Tyson Bagent,CHI,QB,5,2.48737952,ACTIVE,0,0
4372096,Luke Schoonmaker,DAL,TE,10,21.41073598,ACTIVE,0,0
3116407,Mason Rudolph,PIT,QB,5,2.17399469,ACTIVE,0,0
4383396,Hunter Luepke,DAL,RB,10,10.118119889999997,ACTIVE,0,0
4242512,Malik Willis,GB,QB,5,2.39057079,ACTIVE,0,0
3921690,Josh Oliver,MIN,TE,6,34.08469108,ACTIVE,0,0
4362748,Tyler Badie,DEN,RB,12,34.30867881,ACTIVE,0,0
4372780,Tommy Tremble,CAR,TE,14,55.84259461999999,ACTIVE,0,0
4690013,Rasheen Ali,BAL,RB,7,1.8143822700000003,ACTIVE,0,0
4038524,Gardner Minshew,KC,QB,10,0.16419403,ACTIVE,0,0
4686422,Xavier Hutchinson,HOU,WR,6,77.64206251000002,ACTIVE,0,0
4426553,Davis Allen,LAR,TE,8,47.4850247,ACTIVE,0,0
4429033,Jermaine Burton,CIN,WR,10,1.01948261,ACTIVE,0,0
4421446,Craig Reynolds,DET,RB,8,7.83029675,ACTIVE,0,0
4362477,Derius Davis,LAC,WR,12,19.144880240000003,ACTIVE,0,0
3045138,Mike Williams,LAC,WR,12,1.0,OUT,0,0
4426496,Cade Stover,HOU,TE,6,29.72311155,INJURY_RESERVE,0,0
3123075,Braxton Berrios,HOU,WR,6,1.78179525,ACTIVE,0,0
3134353,Tim Patrick,JAX,WR,8,9.507833280000002,ACTIVE,0,0
3051738,Marquez Valdes-Scantling,SF,WR,14,6.916390939999999,ACTIVE,0,0
4361259,Zach Wilson,MIA,QB,12,0.13359335,ACTIVE,0,0
4430191,Skyy Moore,SF,WR,14,5.68233046,ACTIVE,0,0
4715355,Darius Cooper,PHI,WR,9,1.0810914915066263,QUESTIONABLE,0,0
4685201,Tanner McKee,PHI,QB,9,1.850747,QUESTIONABLE,0,0
3044720,Joshua Dobbs,NE,QB,14,2.1821936,ACTIVE,0,0
4889929,Quinn Ewers,MIA,QB,12,210.0,ACTIVE,0,0
3039707,Mitchell Trubisky,BUF,QB,7,1.09986731,ACTIVE,0,0
4565185,Tai Felton,MIN,WR,6,1.9482110499999998,ACTIVE,0,0
4601080,Raheim Sanders,CLE,RB,9,6.3,ACTIVE,0,0
4365395,Julian Hill,MIA,TE,12,21.630930050000003,ACTIVE,0,0
4039050,Devin Duvernay,CHI,WR,5,2.37818352,ACTIVE,0,0
2972515,Cooper Rush,BAL,QB,7,0.14073691,ACTIVE,0,0
4429676,Tyler Goodson,IND,RB,11,0.6,ACTIVE,0,0
4048244,Alexander Mattison,MIA,RB,12,1.0,INJURY_RESERVE,0,0
4430656,Myles Price,MIN,WR,6,1.85696069,ACTIVE,0,0
4241424,Tylan Wallace,BAL,WR,7,39.16261082,ACTIVE,0,0
4372716,Nikko Remigio,KC,WR,10,9.75059111,ACTIVE,0,0
16728,Teddy Bridgewater,TB,QB,9,0.17443103,ACTIVE,0,0
4573699,Jackson Hawes,BUF,TE,7,26.593108719999993,ACTIVE,0,0
4241476,Tyrell Shavers,BUF,WR,7,23.47731803,ACTIVE,0,0
4690143,LaJohntay Wester,BAL,WR,7,0.8696364499999999,ACTIVE,0,0
4426844,Elijah Higgins,ARI,TE,8,37.75402021,ACTIVE,0,0
4361516,Daniel Bellinger,NYG,TE,14,18.341689210000002,ACTIVE,0,0
4240391,Tommy DeVito,NE,QB,14,13.48,ACTIVE,0,0
4426485,Jonathan Mingo,DAL,WR,10,1.0,INJURY_RESERVE,0,0
4429105,Arian Smith,NYJ,WR,9,32.26847846,ACTIVE,0,0
4259553,Stetson Bennett IV,LAR,QB,8,1.0,ACTIVE,0,0
4048228,John Bates,WSH,TE,12,12.84480447,QUESTIONABLE,0,0
3059722,Zay Jones,ARI,WR,8,35.65917331,OUT,0,0
4257188,Charlie Jones,CIN,WR,10,1.9505604100000002,ACTIVE,0,0
4426875,Sam Howell,PHI,QB,9,0.12988857,ACTIVE,0,0
4241263,Charlie Kolar,BAL,TE,7,14.943138019999997,ACTIVE,0,0
4035656,Ben Skowronek,PIT,WR,5,22.44241473,ACTIVE,0,0
5160110,Jahdae Walker,CHI,WR,5,84.0,ACTIVE,0,0
4689334,Malik Heath,GB,WR,5,19.47257387,ACTIVE,0,0
3892775,Jarrett Stidham,DEN,QB,12,0.15008829,ACTIVE,0,0
3914397,Scotty Miller,PIT,WR,5,0.49898412,ACTIVE,0,0
4683243,Mitchell Evans,CAR,TE,14,16.098115139999997,ACTIVE,0,0
3115293,Kyle Allen,DET,QB,8,1.88944279,ACTIVE,0,0
4431466,Jordan Watkins,SF,WR,14,7.83400988,QUESTIONABLE,0,0
4012556,C.J. Ham,MIN,RB,6,6.46582922,INJURY_RESERVE,0,0
4431562,Phil Mafah,DAL,RB,10,112.0,INJURY_RESERVE,0,0
14012,Andy Dalton,CAR,QB,14,2.36009421,ACTIVE,0,0
4361418,Will Levis,TEN,QB,10,1.0,INJURY_RESERVE,0,0
4430637,Ja'Lynn Polk,NO,WR,11,1.0,INJURY_RESERVE,0,0
4383351,Trey Lance,LAC,QB,12,0.14559308,ACTIVE,0,0
4366963,Dylan Laube,LV,RB,8,22.667558930000002,ACTIVE,0,0
2975417,Patrick Ricard,BAL,RB,7,5.48511719,QUESTIONABLE,0,0
4047422,Tanner Conner,MIA,TE,12,21.869834399999995,ACTIVE,0,0
2998565,Mo Alie-Cox,IND,TE,11,15.538173650000003,ACTIVE,0,0
4361372,Jeremy Ruckert,NYJ,TE,9,26.41773436,ACTIVE,0,0
2580216,DeAndre Carter,CLE,WR,9,1.5387538099999998,ACTIVE,0,0
4431210,Beaux Collins,NYG,WR,14,4.15835424,ACTIVE,0,0
4683423,Riley Leonard,IND,QB,11,210.0,ACTIVE,0,0
3924327,Drew Lock,SEA,QB,8,0.5,ACTIVE,0,0
4039160,Kylen Granson,PHI,TE,9,6.630789960000001,ACTIVE,0,0
3843945,Foster Moreau,NO,TE,11,27.322227239999997,OUT,0,0
3127310,Drew Sample,CIN,TE,10,46.90991545999999,ACTIVE,0,0
3047876,KhaDarel Hodge,ATL,WR,5,1.5581183,ACTIVE,0,0
4372485,Rondale Moore,MIN,WR,6,1.0,INJURY_RESERVE,0,0
4596439,Dominic Lovett,DET,WR,8,84.0,ACTIVE,0,0
4043016,Dee Eskridge,MIA,WR,12,24.67499036,ACTIVE,0,0
4372505,Payne Durham,TB,TE,9,10.74875537,ACTIVE,0,0
4912274,Sione Vaki,DET,RB,8,1.0,QUESTIONABLE,0,0
4686104,Johnny Wilson,PHI,WR,9,1.0,INJURY_RESERVE,0,0
4037457,Travis Homer,CHI,RB,5,1.0,INJURY_RESERVE,0,0
4691688,Robbie Ouzts,SEA,RB,8,3.91743267,QUESTIONABLE,0,0
3122168,Trent Sherfield Sr.,DEN,WR,12,14.973908759999999,ACTIVE,0,0
4242557,Colby Parkinson,LAR,TE,8,17.52210541,ACTIVE,0,0
5083754,Ryan Flournoy,DAL,WR,10,15.43900215,ACTIVE,0,0
4426407,Trey Palmer,NO,WR,11,11.86130159,QUESTIONABLE,0,0
16757,Derek Carr,NO,QB,11,99.9834672,QUESTIONABLE,0,0
3052897,Durham Smythe,CHI,TE,5,8.31428953,ACTIVE,0,0
4035020,Charlie Woerner,ATL,TE,5,8.88335648,ACTIVE,0,0
3118892,Justin Watson,HOU,WR,6,9.68467438,INJURY_RESERVE,0,0
2578570,Jacoby Brissett,ARI,QB,8,0.33238673,ACTIVE,0,0
4568024,Josh Williams,TB,RB,9,2.58377793,ACTIVE,0,0
4360967,Brevyn Spann-Ford,DAL,TE,10,10.59345486,ACTIVE,0,0
4567156,Treylon Burks,TEN,WR,10,1.0,INJURY_RESERVE,0,0
4260394,Aidan O'Connell,LV,QB,8,1.0,INJURY_RESERVE,0,0
4427278,Xavier Gipson,PHI,WR,9,2.42373229,ACTIVE,0,0
4383429,Jacob Saylors,DET,RB,8,1.4005367599999998,ACTIVE,0,0
4575665,Jacob Cowing,SF,WR,14,1.0,INJURY_RESERVE,0,0
4708049,Gavin Bartholomew,MIN,TE,6,4.8571454,OUT,0,0
4369466,Ryan Miller,TB,WR,9,7.00366928,ACTIVE,0,0
4386544,Xavier Smith,LAR,WR,8,5.318326729999999,ACTIVE,0,0
4360231,Lucas Krull,DEN,TE,12,23.440293839999995,ACTIVE,0,0
3052096,Johnny Mundt,JAX,TE,8,15.531899649999998,ACTIVE,0,0
2310331,Tyler Johnson,NYJ,WR,9,42.298184680000006,ACTIVE,0,0
4379401,John FitzPatrick,GB,TE,5,32.07416339,ACTIVE,0,0
4710855,Konata Mumpfield,LAR,WR,8,4.8135021,ACTIVE,0,0
4428796,Casey Washington,ATL,WR,5,17.240837040000002,QUESTIONABLE,0,0
4061956,Ashton Dulin,IND,WR,11,2.55404682,ACTIVE,0,0
4430723,Jared Wiley,KC,TE,10,1.0,ACTIVE,0,0
4427728,Bam Knight,ARI,RB,8,5.214591659999999,ACTIVE,0,0
4360763,Brycen Tremayne,CAR,WR,14,13.048562610000001,ACTIVE,0,0
2574511,Brandon Allen,TEN,QB,10,0.10794268,ACTIVE,0,0
4424106,Gunner Olszewski,NYG,WR,14,1.28526801,ACTIVE,0,0
3059989,Nick Mullens,JAX,QB,8,2.44309026,ACTIVE,0,0
4570561,Eric Gray,NYG,RB,14,1.0,OUT,0,0
4242546,Davis Mills,HOU,QB,6,2.27004872,ACTIVE,0,0
4429684,Anthony Gould,IND,WR,11,2.12476334,ACTIVE,0,0
4605841,Nathan Carter,ATL,RB,5,2.6,ACTIVE,0,0
4608362,Shane Zylstra,DET,TE,8,1.0,INJURY_RESERVE,0,0
2515270,Michael Burton,DEN,RB,12,1.0,INJURY_RESERVE,0,0
4590292,Thomas Fidone II,NYG,TE,14,56.0,ACTIVE,0,0
15168,Case Keenum,CHI,QB,5,1.0,ACTIVE,0,0
3061612,Jamal Agnew,ATL,WR,5,2.19528212,QUESTIONABLE,0,0
4039505,Reggie Gilliam,BUF,RB,7,0.3,ACTIVE,0,0
4241961,Connor Heyward,PIT,TE,5,3.6707687099999995,ACTIVE,0,0
4573697,Mason Tipton,NO,WR,11,9.82025371,ACTIVE,0,0
3050481,Tanner Hudson,CIN,TE,10,5.01220371,ACTIVE,0,0
4689988,Jason Brownlee,KC,WR,10,1.0,ACTIVE,0,0
2531358,Chris Manhertz,NYG,TE,14,8.424477349999998,ACTIVE,0,0
4696700,Tip Reiman,ARI,TE,8,37.60624015000001,ACTIVE,0,0
4372070,Ben VanSumeren,PHI,RB,9,1.0,INJURY_RESERVE,0,0
4239944,Hunter Long,JAX,TE,8,31.874104360000004,ACTIVE,0,0
5097554,Kameron Johnson,TB,WR,9,1.24895505,ACTIVE,0,0
4249030,D.J. Montgomery,IND,WR,11,1.0,INJURY_RESERVE,0,0
4361088,Colson Yankoff,WSH,TE,12,1.0,ACTIVE,0,0
2975863,Eric Saubert,SEA,TE,8,11.05386525,ACTIVE,0,0
4427985,Bub Means,NO,WR,11,1.0,INJURY_RESERVE,0,0
4722908,Drew Ogletree,IND,TE,11,0.24722035,ACTIVE,0,0
4045305,Ian Thomas,LV,TE,8,9.12382814,ACTIVE,0,0
4039358,Patrick Taylor Jr.,SF,RB,14,1.0,INJURY_RESERVE,0,0
4401805,Dareke Young,SEA,WR,8,5.891791750000001,ACTIVE,0,0
4567506,Tahj Washington,MIA,WR,12,1.0,ACTIVE,0,0
4036419,Skylar Thompson,PIT,QB,5,1.0,INJURY_RESERVE,0,0
4035693,Velus Jones Jr.,NO,RB,11,0.24067587,ACTIVE,0,0
4250764,Stone Smartt,NYJ,TE,9,3.73963968,ACTIVE,0,0
4427391,Kenny McIntosh,SEA,RB,8,1.0,INJURY_RESERVE,0,0
4241401,Trey Sermon,PIT,RB,5,58.33875628999999,ACTIVE,0,0
3125107,Andrew Beck,NYJ,RB,9,1.0,ACTIVE,0,0
4035537,Kene Nwangwu,NYJ,RB,9,1.0,QUESTIONABLE,0,0
4361100,Jack Westover,NE,TE,14,4.42185024,ACTIVE,0,0
11394,Josh Johnson,WSH,QB,12,0.88,ACTIVE,0,0
4428811,Xavier Weaver,ARI,WR,8,4.38861842,ACTIVE,0,0
4243176,Brady Russell,SEA,RB,8,1.0,ACTIVE,0,0
4427834,Erick All Jr.,CIN,TE,10,22.4,OUT,0,0
2576581,Chris Moore,WSH,WR,12,8.9,ACTIVE,0,0
4426893,Joshua Cephus,JAX,WR,8,1.0,INJURY_RESERVE,0,0
2975674,Robert Tonyan,KC,TE,10,5.05511973,ACTIVE,0,0
4383440,Nate Adkins,DEN,TE,12,1.0,ACTIVE,0,0
4034948,Feleipe Franks,ATL,TE,5,4.35697893,ACTIVE,0,0
4374045,Teagan Quitoriano,ATL,TE,5,4.5850277,ACTIVE,0,0
3925347,Damien Harris,BUF,RB,7,1.0,ACTIVE,0,0
2576623,DeVante Parker,PHI,WR,9,1.0,ACTIVE,0,0
4362018,Blake Whiteheart,CLE,TE,9,8.79483065,ACTIVE,0,0
4570409,David Bell,CLE,WR,9,1.0,OUT,0,0
4040980,Irv Smith Jr.,HOU,TE,6,1.0,INJURY_RESERVE,0,0
4034779,Ko Kieft,TB,TE,9,1.0,INJURY_RESERVE,0,0
4239086,Desmond Ridder,MIN,QB,6,21.479999999999997,ACTIVE,0,0
4373030,Ben Sims,GB,TE,5,1.0,ACTIVE,0,0
4362227,Bryce Ford-Wheaton,NYG,WR,14,3.75051664,INJURY_RESERVE,0,0
4391845,Cody Schrader,JAX,RB,8,1.0,ACTIVE,0,0
3871102,David Sills V,ATL,WR,5,1.9,ACTIVE,0,0
4362087,Keaontay Ingram,KC,RB,10,1.0,INJURY_RESERVE,0,0
4362617,Bryce Oliver,TEN,WR,10,0.48502005,QUESTIONABLE,0,0
4569371,Isaiah Williams,NYJ,WR,9,0.8315909999999999,ACTIVE,0,0
4044144,Kenny Yeboah,DET,TE,8,11.7,INJURY_RESERVE,0,0
4361112,Devin Culp,TB,TE,9,4.59505945,ACTIVE,0,0
4245131,Tim Jones,MIN,WR,6,1.0,ACTIVE,0,0
3040569,Trent Taylor,SF,WR,14,1.0,INJURY_RESERVE,0,0
4698253,Lan Larison,NE,RB,14,112.0,INJURY_RESERVE,0,0
4241410,Jelani Woods,NYJ,TE,9,1.0,ACTIVE,0,0
16810,AJ McCarron,CIN,QB,10,1.0,ACTIVE,0,0
4573398,Max Brosmer,MIN,QB,6,241.16,ACTIVE,0,0
4430431,Kurtis Rourke,SF,QB,14,210.0,OUT,0,0
4248425,Carlos Washington Jr.,ATL,RB,5,1.0,ACTIVE,0,0
4360978,David Martin-Robinson,TEN,TE,10,8.94697048,ACTIVE,0,0
11387,Matthew Slater,NE,WR,14,1.0,ACTIVE,0,0
3122976,Jeff Wilson Jr.,MIA,RB,12,3.8,ACTIVE,0,0
4426335,Graham Mertz,HOU,QB,6,210.0,ACTIVE,0,0
4242558,Tucker Fisk,LAC,TE,12,1.0,ACTIVE,0,0
4241820,Sam Ehlinger,DEN,QB,12,1.0,ACTIVE,0,0
3722362,Brett Rypien,CIN,QB,10,1.0,ACTIVE,0,0
4034862,Jack Stoll,NO,TE,11,12.1812104,ACTIVE,0,0
4040774,Harrison Bryant,HOU,TE,6,5.00155411,ACTIVE,0,0
4243315,Salvon Ahmed,IND,RB,11,1.0,INJURY_RESERVE,0,0
4373273,British Brooks,HOU,RB,6,1.0,ACTIVE,0,0
4362504,Brevin Jordan,HOU,TE,6,1.0,INJURY_RESERVE,0,0
12477,Brian Hoyer,LV,QB,8,1.0,ACTIVE,0,0
3916564,Tyree Jackson,WSH,TE,12,1.0,INJURY_RESERVE,0,0
4362523,Will Mallory,IND,TE,11,3.86631226,ACTIVE,0,0
4360739,Simi Fehoko,ARI,WR,8,1.47688355,ACTIVE,0,0
4361988,James Mitchell,CAR,TE,14,3.3422256399999997,ACTIVE,0,0
3919510,Alex Bachman,LV,WR,8,10.922638509999999,ACTIVE,0,0
4243004,Jordan Mims,TEN,RB,10,19.5,ACTIVE,0,0
4433959,Ben Yurosek,MIN,TE,6,56.0,ACTIVE,0,0
4046715,Trishton Jackson,ARI,WR,8,1.0,QUESTIONABLE,0,0
3929636,Irvin Charles,NYJ,WR,9,1.0,OUT,0,0
3929914,Adam Prentice,DEN,RB,12,0.5858428,ACTIVE,0,0
4372526,Deneric Prince,NE,RB,14,1.0,INJURY_RESERVE,0,0
3115349,Jakob Johnson,HOU,RB,6,1.0,ACTIVE,0,0
4362489,John Stephens Jr.,DAL,TE,10,1.0,INJURY_RESERVE,0,0
4259324,Travis Vokolek,ARI,TE,8,1.0,ACTIVE,0,0
4876006,Zaire Mitchell-Paden,BAL,TE,7,56.0,ACTIVE,0,0
4426689,Ulysses Bentley IV,IND,RB,11,112.0,ACTIVE,0,0
4242369,Matt Bushman,KC,TE,10,1.0,ACTIVE,0,0
2576399,Nick Vannett,MIN,TE,6,33.91209728,ACTIVE,0,0
3912092,Donald Parham Jr.,PIT,TE,5,1.0,INJURY_RESERVE,0,0
4372026,Cameron Latu,PHI,TE,9,1.0,ACTIVE,0,0
4700712,Cam Grandy,CIN,TE,10,1.6,ACTIVE,0,0
4361426,Justin Shorter,LV,WR,8,1.0,ACTIVE,0,0
4360290,Brayden Willis,SF,TE,14,1.0,ACTIVE,0,0
3120303,Ross Dwelley,DET,TE,8,1.0,ACTIVE,0,0
4362603,Brenden Bates,HOU,TE,6,1.0,ACTIVE,0,0
4244049,Quintin Morris,JAX,TE,8,12.27924069,ACTIVE,0,0
5065495,Kaden Davis,CLE,WR,9,90.0,ACTIVE,0,0
4428943,Jacardia Wright,SEA,RB,8,130.0,ACTIVE,0,0
3914151,Josiah Deguara,ARI,TE,8,2.5999999999999996,ACTIVE,0,0
3115378,Russell Gage Jr.,SF,WR,14,1.0,ACTIVE,0,0
4430684,Treyton Welch,NO,TE,11,64.0,ACTIVE,0,0
4569372,Dalevon Campbell,CAR,WR,14,96.0,ACTIVE,0,0
3115928,Malik Turner,SF,WR,14,1.0,ACTIVE,0,0
4362628,Ja'Marr Chase,CIN,WR,10,273.9358389200001,ACTIVE,1,0
3929630,Saquon Barkley,PHI,RB,9,307.78148372,ACTIVE,1,0
4429795,Jahmyr Gibbs,DET,RB,8,317.02858381000004,ACTIVE,1,0
4430807,Bijan Robinson,ATL,RB,5,306.3606798099999,ACTIVE,1,0
4374302,Amon-Ra St. Brown,DET,WR,8,284.36952065,ACTIVE,1,0
4262921,Justin Jefferson,MIN,WR,6,269.93169836,ACTIVE,1,0
3117251,Christian McCaffrey,SF,RB,14,342.40364671000003,ACTIVE,1,0
3918298,Josh Allen,BUF,QB,7,338.82536572000004,ACTIVE,1,0
3916387,Lamar Jackson,BAL,QB,7,381.88459913,ACTIVE,1,0
4426515,Puka Nacua,LAR,WR,8,348.92253482,ACTIVE,1,0
3043078,Derrick Henry,BAL,RB,7,258.96160887999997,ACTIVE,1,0
4595348,Malik Nabers,NYG,WR,14,269.14043432,QUESTIONABLE,1,0
4241389,CeeDee Lamb,DAL,WR,10,229.84567217,DOUBTFUL,1,0
4040715,Jalen Hurts,PHI,QB,9,338.76227565,ACTIVE,1,0
4361307,Trey McBride,ARI,TE,8,246.34748341000002,ACTIVE,1,0
4258173,Nico Collins,HOU,WR,6,277.27299688000005,ACTIVE,1,0
4242335,Jonathan Taylor,IND,RB,11,342.97549103,ACTIVE,1,0
4047365,Josh Jacobs,GB,RB,5,268.86696744999995,ACTIVE,1,0
4432665,Brock Bowers,LV,TE,8,212.21829220000004,ACTIVE,1,0
4047646,A.J. Brown,PHI,WR,9,239.83341109,ACTIVE,1,0
4429160,De'Von Achane,MIA,RB,12,313.01350764,ACTIVE,1,0
4426348,Jayden Daniels,WSH,QB,12,316.60502409000003,QUESTIONABLE,1,0
4379399,James Cook,BUF,RB,7,283.33919806999995,ACTIVE,1,0
4596448,Bucky Irving,TB,RB,9,279.70279801,ACTIVE,1,0
16800,Davante Adams,LAR,WR,8,269.06325632999994,ACTIVE,1,0
4430737,Kyren Williams,LAR,RB,8,250.87306925999997,ACTIVE,1,0
4432773,Brian Thomas Jr.,JAX,WR,8,213.74231378999994,ACTIVE,1,0
4426502,Drake London,ATL,WR,5,232.80647226000002,ACTIVE,1,0
3116406,Tyreek Hill,MIA,WR,12,241.33466678,ACTIVE,1,0
4362238,Chase Brown,CIN,RB,10,219.15176574999998,ACTIVE,1,0
4430027,Sam LaPorta,DET,TE,8,164.99865442,ACTIVE,1,0
3054850,Alvin Kamara,NO,RB,11,232.76359417,ACTIVE,1,0
4612826,Ladd McConkey,LAC,WR,12,195.21951223000002,ACTIVE,1,0
4569618,Garrett Wilson,NYJ,WR,9,250.45944193,ACTIVE,1,0
3953687,Brandon Aubrey,DAL,K,10,132.50849972,ACTIVE,1,0
4239993,Tee Higgins,CIN,WR,10,177.60029204,ACTIVE,1,0
4047650,DK Metcalf,PIT,WR,5,208.75783196,ACTIVE,1,0
4241416,Chuba Hubbard,CAR,RB,14,229.25212954999998,ACTIVE,1,0
3040151,George Kittle,SF,TE,14,159.18992112000004,INJURY_RESERVE,1,0
4429615,Zay Flowers,BAL,WR,7,222.23162442999998,ACTIVE,1,0
3052587,Baker Mayfield,TB,QB,9,288.3048429599999,ACTIVE,1,0
3121422,Terry McLaurin,WSH,WR,12,195.54424348999999,QUESTIONABLE,1,0
16737,Mike Evans,TB,WR,9,183.14930341000002,DOUBTFUL,1,0
4567048,Kenneth Walker III,SEA,RB,8,215.81630056999998,ACTIVE,1,0
4432708,Marvin Harrison Jr.,ARI,WR,8,175.96888395000002,ACTIVE,1,0
4427366,Breece Hall,NYJ,RB,9,224.85917103000003,ACTIVE,1,0
4362081,Cameron Dicker,LAC,K,12,140.15546983,ACTIVE,1,0
4035538,David Montgomery,DET,RB,8,216.76547625999999,ACTIVE,1,0
4431299,Rome Odunze,CHI,WR,5,237.82547257,ACTIVE,1,0
4259545,D'Andre Swift,CHI,RB,5,220.59207738,ACTIVE,1,0
4038941,Justin Herbert,LAC,QB,12,293.12797554,ACTIVE,1,0
4431459,Tyler Warren,IND,TE,11,183.80597188000002,ACTIVE,1,0
3128429,Courtland Sutton,DEN,WR,12,214.57718651000002,ACTIVE,1,0
-16007,Broncos D/ST,DEN,DST,12,102.29972653,ACTIVE,1,0
4036133,T.J. Hockenson,MIN,TE,6,165.36332854,ACTIVE,1,0
4683062,Xavier Worthy,KC,WR,10,180.51625195,QUESTIONABLE,1,0
4567750,Emeka Egbuka,TB,WR,9,218.25478993999997,ACTIVE,1,0
4689936,Jake Bates,DET,K,8,136.00162422,ACTIVE,1,0
3915416,DJ Moore,CHI,WR,5,194.70172104999997,ACTIVE,1,0
4426354,George Pickens,DAL,WR,10,210.72685075,ACTIVE,1,0
4685472,Tetairoa McMillan,CAR,WR,14,213.87318097,QUESTIONABLE,1,0
4361579,Javonte Williams,DAL,RB,10,233.41224247000002,ACTIVE,1,0
4241478,DeVonta Smith,PHI,WR,9,189.15001031999998,ACTIVE,1,0
4569987,Jaylen Warren,PIT,RB,5,271.57769394999997,ACTIVE,1,0
4426388,Jameson Williams,DET,WR,8,171.22678941,ACTIVE,1,0
3916148,Tony Pollard,TEN,RB,10,185.34597877,ACTIVE,1,0
3916433,Jakobi Meyers,LV,WR,8,230.79571788000004,ACTIVE,1,0
3126486,Deebo Samuel,WSH,WR,12,219.40328257000002,ACTIVE,1,0
4426338,Bo Nix,DEN,QB,12,276.30711045,ACTIVE,1,0
4241463,Jerry Jeudy,CLE,WR,9,161.16860356,ACTIVE,1,0
-16016,Vikings D/ST,MIN,DST,6,120.24534728999997,ACTIVE,1,0
4241985,J.K. Dobbins,DEN,RB,12,235.48580604999995,ACTIVE,1,0
3917315,Kyler Murray,ARI,QB,8,267.78981832999995,ACTIVE,1,0
4239996,Travis Etienne Jr.,JAX,RB,8,195.49995695,ACTIVE,1,0
4361370,Chris Olave,NO,WR,11,234.24276608999998,ACTIVE,1,0
-16023,Steelers D/ST,PIT,DST,5,96.47235266999998,ACTIVE,1,0
15818,Keenan Allen,LAC,WR,12,228.48882097999999,ACTIVE,1,0
3123076,David Njoku,CLE,TE,9,144.05082388,ACTIVE,1,0
3925357,Calvin Ridley,TEN,WR,10,175.77933189,ACTIVE,1,0
4360569,Jordan Mason,MIN,RB,6,187.54125032,ACTIVE,1,0
4696981,Cam Skattebo,NYG,RB,14,213.47398019,ACTIVE,1,0
-16009,Packers D/ST,GB,DST,5,121.56791399,ACTIVE,1,0
4428331,Rashee Rice,KC,WR,10,140.2169017,SUSPENSION,1,0
4428209,Ricky Pearsall,SF,WR,14,184.04829579999998,ACTIVE,1,0
4361529,Isiah Pacheco,KC,RB,10,149.91634052,ACTIVE,1,0
4242355,Jake Ferguson,DAL,TE,10,195.54634518,ACTIVE,1,0
3050478,Jake Elliott,PHI,K,9,135.01511237,ACTIVE,1,0
3116365,Mark Andrews,BAL,TE,7,161.65999730000001,ACTIVE,1,0
4429025,Quentin Johnston,LAC,WR,12,221.31327734000004,ACTIVE,1,0
17372,Chris Boswell,PIT,K,5,132.97312861999998,ACTIVE,1,0
3042519,Aaron Jones Sr.,MIN,RB,6,132.26789583000001,INJURY_RESERVE,1,0
2977187,Cooper Kupp,SEA,WR,8,166.81132097999998,ACTIVE,1,0
4575131,Jacory Croskey-Merritt,WSH,RB,12,145.07509316000002,ACTIVE,1,0
2577417,Dak Prescott,DAL,QB,10,250.79119304,ACTIVE,1,0
3917792,Daniel Jones,IND,QB,11,286.82907477000003,ACTIVE,1,0
4569173,Rhamondre Stevenson,NE,RB,14,173.17879652,ACTIVE,1,0
4036378,Jordan Love,GB,QB,5,262.93671621000004,ACTIVE,1,0
2976212,Stefon Diggs,NE,WR,14,128.93189198,ACTIVE,1,0
3929645,Juwan Johnson,NO,TE,11,157.28170217,ACTIVE,1,0
4685702,Quinshon Judkins,CLE,RB,9,224.82115993999997,ACTIVE,1,0
4568490,RJ Harvey,DEN,RB,12,114.50990628,ACTIVE,1,0
3915511,Joe Burrow,CIN,QB,10,15.86,INJURY_RESERVE,1,0
4431452,Drake Maye,NE,QB,14,289.67179625,ACTIVE,1,0
3116165,Chris Godwin Jr.,TB,WR,9,166.1596128,QUESTIONABLE,1,0
3128720,Nick Chubb,HOU,RB,6,167.54191835999998,ACTIVE,1,0
4429205,Jordan Addison,MIN,WR,6,143.70457671,ACTIVE,1,0
3046779,Jared Goff,DET,QB,8,245.26943358999995,ACTIVE,1,0
3886598,Jauan Jennings,SF,WR,14,174.84923632000002,QUESTIONABLE,1,0
-16033,Ravens D/ST,BAL,DST,7,92.69685491999999,ACTIVE,1,0
4361741,Brock Purdy,SF,QB,14,246.30695923,QUESTIONABLE,1,0
4385690,Dalton Kincaid,BUF,TE,7,154.64644327999997,ACTIVE,1,0
4429275,Trey Benson,ARI,RB,8,210.16261341,ACTIVE,1,0
15835,Zach Ertz,WSH,TE,12,163.14478547,ACTIVE,1,0
4426385,Zach Charbonnet,SEA,RB,8,144.68268672,ACTIVE,1,0
3121023,Dallas Goedert,PHI,TE,9,127.27481716999998,ACTIVE,1,0
3116385,Joe Mixon,HOU,RB,6,118.06699204,OUT,1,0
4040655,Darnell Mooney,ATL,WR,5,156.10835062,ACTIVE,1,0
4569587,Wan'Dale Robinson,NYG,WR,14,154.06852062,ACTIVE,1,0
4432577,C.J. Stroud,HOU,QB,6,244.06701744,ACTIVE,1,0
4697815,Rachaad White,TB,RB,9,91.06483295000001,ACTIVE,1,0
4882093,Bhayshul Tuten,JAX,RB,8,90.82616204000003,ACTIVE,1,0
-16011,Colts D/ST,IND,DST,11,98.58162885,ACTIVE,1,0
4571557,Spencer Shrader,IND,K,11,142.44225159,ACTIVE,1,0
4373626,Tyler Allgeier,ATL,RB,5,97.01865969,ACTIVE,1,0
-16014,Rams D/ST,LAR,DST,8,102.67191118000001,ACTIVE,1,0
-16001,Falcons D/ST,ATL,DST,5,88.16772458999999,ACTIVE,1,0
-16025,49ers D/ST,SF,DST,14,111.02790608000001,ACTIVE,1,0
4249087,Matt Gay,WSH,K,12,124.12759763,ACTIVE,1,0
4711533,Ollie Gordon II,MIA,RB,12,87.54279253000001,ACTIVE,1,0
4686472,Marvin Mims Jr.,DEN,WR,12,120.11974097999999,ACTIVE,1,0
2985659,Wil Lutz,DEN,K,12,125.17391974999998,ACTIVE,1,0
4360234,Evan McPherson,CIN,K,10,114.26131667,ACTIVE,1,0
4038441,Justice Hill,BAL,RB,7,104.42282164,ACTIVE,1,0
4361050,Isaiah Likely,BAL,TE,7,77.32311718,QUESTIONABLE,1,0
15795,DeAndre Hopkins,BAL,WR,7,65.389181,ACTIVE,1,0
3912547,Sam Darnold,SEA,QB,8,221.02173717000002,ACTIVE,1,0
4608686,Kyle Monangai,CHI,RB,5,89.35401621999999,ACTIVE,1,0
4431588,Ja'Tavion Sanders,CAR,TE,14,99.297101,DOUBTFUL,1,0
4890973,Ashton Jeanty,LV,RB,8,206.29869768000003,ACTIVE,2,0
4430878,Jaxon Smith-Njigba,SEA,WR,8,266.16861676999997,ACTIVE,2,0
3139477,Patrick Mahomes,KC,QB,10,298.74106951999994,ACTIVE,2,0
15847,Travis Kelce,KC,TE,10,165.159909,ACTIVE,2,0
4685382,Omarion Hampton,LAC,RB,12,247.40654399000002,ACTIVE,2,0
4572680,Tucker Kraft,GB,TE,5,184.8110211,ACTIVE,2,0
4372016,Jaylen Waddle,MIA,WR,12,207.54641117,ACTIVE,2,0
4035687,Michael Pittman Jr.,IND,WR,11,178.76933764999998,ACTIVE,2,0
-16026,Seahawks D/ST,SEA,DST,8,105.03608901999999,ACTIVE,2,0
4635008,Keon Coleman,BUF,WR,7,159.98518314,ACTIVE,2,0
4362887,Justin Fields,NYJ,QB,9,271.13463792,QUESTIONABLE,2,0
4697745,Tyler Loop,BAL,K,7,142.14473585,ACTIVE,2,0
4431280,Troy Franklin,DEN,WR,12,164.00495712000003,ACTIVE,2,0
4241474,Brian Robinson Jr.,SF,RB,14,79.79027117000001,ACTIVE,2,0
5081397,Dylan Sampson,CLE,RB,9,66.24973074,ACTIVE,2,0
